filename,Alambadi,Amritmahal,Ayrshire,Banni,Brown_Swiss,Gir,Guernsey,Hallikar,Hariana,Holstein_Friesian,Jersey,Kangayam,Kankrej,Krishna_Valley,Nagori,Ongole,Pulikulam,Rathi,Red_Sindhi,Sahiwal,Tharparkar,Vechur
00000074_jpg.rf.5ee19c881dd810033dbf13e355f15b3c.jpg,0,0,0,0,0,0,0,0,0,0,0,0,0,0,0,0,0,1,0,0,0,0
Hariana_45_jpg.rf.ca4f29f2216127b1c0b139624552be23.jpg,0,0,0,0,0,0,0,0,1,0,0,0,0,0,0,0,0,0,0,0,0,0
Jersey_195_jpg.rf.861f3950b9455b9bc985e0bd05d07557.jpg,0,0,0,0,0,0,0,0,0,0,1,0,0,0,0,0,0,0,0,0,0,0
Ongole_51_jpg.rf.b3d038ae6c4f3301b520dfdbab1a1662.jpg,0,0,0,0,0,0,0,0,0,0,0,0,0,0,0,1,0,0,0,0,0,0
Krishna_Valley_121_jpg.rf.fc659196cb6d58507153d89be1d7acd4.jpg,0,0,0,0,0,0,0,0,0,0,0,0,0,1,0,0,0,0,0,0,0,0
00000074_jpg.rf.d58b6051da3c5f1694477ec628dba5f6.jpg,0,0,0,0,0,0,0,0,0,0,0,0,0,0,1,0,0,0,0,0,0,0
00000344_jpg.rf.c0d3b394b0f732f0fbb9589af33bace0.jpg,0,0,0,0,0,0,0,0,0,0,0,0,0,0,0,0,0,1,0,0,0,0
Kankrej_85_jpg.rf.26ced61010f9c9daf4e1cae67614ca20.jpg,0,0,0,0,0,0,0,0,0,0,0,0,1,0,0,0,0,0,0,0,0,0
Holstein_Friesian_85_jpg.rf.dfaf492bac4e6201360cd32a7bc1b3d8.jpg,0,0,0,0,0,0,0,0,0,1,0,0,0,0,0,0,0,0,0,0,0,0
Gir_162_jpg.rf.20438a39d38b0dcb4a53cca63eb1a617.jpg,0,0,0,0,0,1,0,0,0,0,0,0,0,0,0,0,0,0,0,0,0,0
00000386_jpg.rf.25fc28da7c7dd3816de4465bc955e994.jpg,0,0,0,0,0,0,0,0,0,0,0,0,0,0,0,0,0,0,0,0,0,1
Jersey_45_jpg.rf.507ce0566e8c0abfd2cfc3c7df3e5f28.jpg,0,0,0,0,0,0,0,0,0,0,1,0,0,0,0,0,0,0,0,0,0,0
Tharparkar_71_jpg.rf.b5100fe7a9690348bdc19adf39cf11d8.jpg,0,0,0,0,0,0,0,0,0,0,0,0,0,0,0,0,0,0,0,0,1,0
Gir_162_jpg.rf.15deefb5514e1a821d5dbe04feee36f5.jpg,0,0,0,0,0,1,0,0,0,0,0,0,0,0,0,0,0,0,0,0,0,0
Hariana_80_jpg.rf.3cf98ddda16c9aff52f99a711422fc36.jpg,0,0,0,0,0,0,0,0,1,0,0,0,0,0,0,0,0,0,0,0,0,0
Ayrshire_209_jpg.rf.9b041cee4fd9cc5e542f2aae349f7fe6.jpg,0,0,1,0,0,0,0,0,0,0,0,0,0,0,0,0,0,0,0,0,0,0
Alambadi_96_jpg.rf.c5980cdf508b3292f1384b16261174a0.jpg,1,0,0,0,0,0,0,0,0,0,0,0,0,0,0,0,0,0,0,0,0,0
Holstein_Friesian_299_jpg.rf.f7c790d272f41357b9cad5704b179cd0.jpg,0,0,0,0,0,0,0,0,0,1,0,0,0,0,0,0,0,0,0,0,0,0
Krishna_Valley_1_jpg.rf.798cf86044c316843448b4bb5e42c82e.jpg,0,0,0,0,0,0,0,0,0,0,0,0,0,1,0,0,0,0,0,0,0,0
00000074_jpg.rf.5cc99d7b871e41228f81d9ed57548b81.jpg,0,0,0,0,0,0,0,0,0,0,0,0,0,0,1,0,0,0,0,0,0,0
00000147_jpg.rf.cf9a1dc9d5f239dedd67bb41ad335636.jpg,0,0,0,1,0,0,0,0,0,0,0,0,0,0,0,0,0,0,0,0,0,0
Red_Sindhi_75_jpg.rf.92ba619673b32cb5be02b29a72dcef63.jpg,0,0,0,0,0,0,0,0,0,0,0,0,0,0,0,0,0,0,1,0,0,0
Brown_Swiss_185_jpg.rf.3080085f61407e2ac682054a8796aca1.jpg,0,0,0,0,1,0,0,0,0,0,0,0,0,0,0,0,0,0,0,0,0,0
Ayrshire_41_jpg.rf.ba458f774da8cc202442f308d12384fb.jpg,0,0,1,0,0,0,0,0,0,0,0,0,0,0,0,0,0,0,0,0,0,0
Sahiwal_429_jpeg.rf.cb8a3a4748a367fd0ceb8a3ca832403e.jpg,0,0,0,0,0,0,0,0,0,0,0,0,0,0,0,0,0,0,0,1,0,0
Holstein_Friesian_203_jpg.rf.b7f5edcea4f261af9f00cf1f4540de3d.jpg,0,0,0,0,0,0,0,0,0,1,0,0,0,0,0,0,0,0,0,0,0,0
Krishna_Valley_84_jpg.rf.4659843f2d87d4be4de10a1cd29b7450.jpg,0,0,0,0,0,0,0,0,0,0,0,0,0,1,0,0,0,0,0,0,0,0
Ayrshire_92_jpg.rf.341482f2fa86f4aaa32b61463d639a6d.jpg,0,0,1,0,0,0,0,0,0,0,0,0,0,0,0,0,0,0,0,0,0,0
Brown_Swiss_31_jpg.rf.0ca1a3deac66bf52bb96eee9960ed237.jpg,0,0,0,0,1,0,0,0,0,0,0,0,0,0,0,0,0,0,0,0,0,0
Sahiwal_355_jpg.rf.26deacd9a8cf8b6c267d7db361bf4c00.jpg,0,0,0,0,0,0,0,0,0,0,0,0,0,0,0,0,0,0,0,1,0,0
00000074_jpg.rf.7cf7f0e943216ec5bf65bfa29a16d067.jpg,0,0,0,0,0,0,0,0,0,0,0,0,0,0,1,0,0,0,0,0,0,0
00000100_jpg.rf.430d30090df422a4e50ec5158b7ca65d.jpg,0,0,0,1,0,0,0,0,0,0,0,0,0,0,0,0,0,0,0,0,0,0
Alambadi_63_jpg.rf.9b35806b7fa3c1d44eafa19026174cf0.jpg,1,0,0,0,0,0,0,0,0,0,0,0,0,0,0,0,0,0,0,0,0,0
Red_Sindhi_128_jpg.rf.38cb0f7eaaf5a0cc96b42627f9db8d96.jpg,0,0,0,0,0,0,0,0,0,0,0,0,0,0,0,0,0,0,1,0,0,0
00000390_jpg.rf.058b529a5b9623ab5a5a06f081fb450b.jpg,0,0,0,0,0,0,0,0,0,0,0,0,0,0,0,0,0,0,0,0,0,1
Ongole_161_jpg.rf.04ad4b052bdc75e08142c24e43a7e923.jpg,0,0,0,0,0,0,0,0,0,0,0,0,0,0,0,1,0,0,0,0,0,0
Ayrshire_53_jpg.rf.7d7a5596045026e44f46c0f37fbcdf5c.jpg,0,0,1,0,0,0,0,0,0,0,0,0,0,0,0,0,0,0,0,0,0,0
Alambadi_67_jpg.rf.11d34289ca11b166ddef9b8cd45067d8.jpg,1,0,0,0,0,0,0,0,0,0,0,0,0,0,0,0,0,0,0,0,0,0
Krishna_Valley_117_jpg.rf.e2af9137d6afa06d8183ffe40ad2a5e1.jpg,0,0,0,0,0,0,0,0,0,0,0,0,0,1,0,0,0,0,0,0,0,0
Guernsey_67_jpg.rf.b3a7ac7384b41d988e893f4a196d7661.jpg,0,0,0,0,0,0,1,0,0,0,0,0,0,0,0,0,0,0,0,0,0,0
Jersey_35_jpg.rf.e2ce0d8e83af45fb55a602850e7157a8.jpg,0,0,0,0,0,0,0,0,0,0,1,0,0,0,0,0,0,0,0,0,0,0
Red_Sindhi_6_JPG.rf.1952d6f460bcc7055f0f71c363d6fffb.jpg,0,0,0,0,0,0,0,0,0,0,0,0,0,0,0,0,0,0,1,0,0,0
Krishna_Valley_121_jpg.rf.f0e93812aefb286abe44b8f200c35fa6.jpg,0,0,0,0,0,0,0,0,0,0,0,0,0,1,0,0,0,0,0,0,0,0
00000074_jpg.rf.73bedbd0eb7affec7b2bc23e60c2e9ed.jpg,0,0,0,0,0,0,0,0,0,0,0,0,0,0,0,0,0,1,0,0,0,0
Guernsey_67_jpg.rf.f0223b9cbff287fd4403230afe62ca5f.jpg,0,0,0,0,0,0,1,0,0,0,0,0,0,0,0,0,0,0,0,0,0,0
Brown_Swiss_111_jpg.rf.225fccaa5118e9b4f1150306c3bd5623.jpg,0,0,0,0,1,0,0,0,0,0,0,0,0,0,0,0,0,0,0,0,0,0
Pulikulam_118_jpg.rf.7cb03347aa47671f92561d76cc44be75.jpg,0,0,0,0,0,0,0,0,0,0,0,0,0,0,0,0,1,0,0,0,0,0
Hallikar_44_jpg.rf.b89185720cbda48130edf146f4b590aa.jpg,0,0,0,0,0,0,0,1,0,0,0,0,0,0,0,0,0,0,0,0,0,0
00000074_jpg.rf.6d683270b94ec6689a81686ff3d37c1c.jpg,0,0,0,0,0,0,0,0,0,0,0,0,0,0,0,0,0,1,0,0,0,0
Jersey_3_jpg.rf.941a564b345e8d5c2373378416f47686.jpg,0,0,0,0,0,0,0,0,0,0,1,0,0,0,0,0,0,0,0,0,0,0
Red_Sindhi_68_jpg.rf.c1ca84fbf0d758a71213e3977a6c443b.jpg,0,0,0,0,0,0,0,0,0,0,0,0,0,0,0,0,0,0,1,0,0,0
Red_Sindhi_65_png.rf.d72e9c3572b870e4a019229b8adbfd38.jpg,0,0,0,0,0,0,0,0,0,0,0,0,0,0,0,0,0,0,1,0,0,0
Kankrej_56_jpg.rf.833d27d80d49b83ebbb5909e705ee1ca.jpg,0,0,0,0,0,0,0,0,0,0,0,0,1,0,0,0,0,0,0,0,0,0
Ongole_106_jpg.rf.c0dde7e145475ddbf1811c2511f71ff6.jpg,0,0,0,0,0,0,0,0,0,0,0,0,0,0,0,1,0,0,0,0,0,0
Brown_Swiss_111_jpg.rf.7c8f9f78945690e8789fc8fca51c111d.jpg,0,0,0,0,1,0,0,0,0,0,0,0,0,0,0,0,0,0,0,0,0,0
Hariana_91_png.rf.398cf28bf4f50a06c071abdd8d1a5d9f.jpg,0,0,0,0,0,0,0,0,1,0,0,0,0,0,0,0,0,0,0,0,0,0
Krishna_Valley_117_jpg.rf.0aa6ec7eb0513287e3b48a6da54aa7fb.jpg,0,0,0,0,0,0,0,0,0,0,0,0,0,1,0,0,0,0,0,0,0,0
Tharparkar_98_png.rf.49f0ec87e9bb774f067beea8a8f90a70.jpg,0,0,0,0,0,0,0,0,0,0,0,0,0,0,0,0,0,0,0,0,1,0
Krishna_Valley_76_jpg.rf.1efe510c4f66208b3d176caeb0d90ddf.jpg,0,0,0,0,0,0,0,0,0,0,0,0,0,1,0,0,0,0,0,0,0,0
Sahiwal_296_jpg.rf.f21884c85195aeaa5c6072d43c40b720.jpg,0,0,0,0,0,0,0,0,0,0,0,0,0,0,0,0,0,0,0,1,0,0
Ongole_16_jpg.rf.c90ae37749840e8ee4142ba4a43461e7.jpg,0,0,0,0,0,0,0,0,0,0,0,0,0,0,0,1,0,0,0,0,0,0
Ongole_123_jpg.rf.068a8b918e12f827f03d1654f234d2da.jpg,0,0,0,0,0,0,0,0,0,0,0,0,0,0,0,1,0,0,0,0,0,0
Kankrej_98_jpg.rf.1787a42e1d3928a28fb9fb2ae1bd72d5.jpg,0,0,0,0,0,0,0,0,0,0,0,0,1,0,0,0,0,0,0,0,0,0
Hallikar_44_jpg.rf.772cc3576420d6391ae1576d719566e9.jpg,0,0,0,0,0,0,0,1,0,0,0,0,0,0,0,0,0,0,0,0,0,0
Alambadi_19_jpg.rf.806b93dc03be0ea1bd01016898b831b2.jpg,1,0,0,0,0,0,0,0,0,0,0,0,0,0,0,0,0,0,0,0,0,0
Sahiwal_62_jpg.rf.340d7dd55e0e897f3baa1fb31898c13f.jpg,0,0,0,0,0,0,0,0,0,0,0,0,0,0,0,0,0,0,0,1,0,0
Tharparkar_192_jpg.rf.6662bc6f10790d3aff312436db90c9ef.jpg,0,0,0,0,0,0,0,0,0,0,0,0,0,0,0,0,0,0,0,0,1,0
Brown_Swiss_28_jpg.rf.be5b207f7e485dfd4c30d611ae735fa9.jpg,0,0,0,0,1,0,0,0,0,0,0,0,0,0,0,0,0,0,0,0,0,0
Gir_284_jpg.rf.a6174660a1d690740540e36f12c41349.jpg,0,0,0,0,0,1,0,0,0,0,0,0,0,0,0,0,0,0,0,0,0,0
Sahiwal_29_jpg.rf.484ddbfa6727c98a3b404c6987e31cf1.jpg,0,0,0,0,0,0,0,0,0,0,0,0,0,0,0,0,0,0,0,1,0,0
Kankrej_5_jpg.rf.4e1a0cbde13436e127af6e296ce6ec56.jpg,0,0,0,0,0,0,0,0,0,0,0,0,1,0,0,0,0,0,0,0,0,0
Red_Sindhi_57_jpg.rf.15aa75991d64beeacddfaa432b6efec9.jpg,0,0,0,0,0,0,0,0,0,0,0,0,0,0,0,0,0,0,1,0,0,0
Brown_Swiss_190_jpg.rf.956deb0c0cbe1304875f0467be3bad01.jpg,0,0,0,0,1,0,0,0,0,0,0,0,0,0,0,0,0,0,0,0,0,0
Amritmahal_2_JPG.rf.17221e3815d3815c9e5988f4d024a845.jpg,0,1,0,0,0,0,0,0,0,0,0,0,0,0,0,0,0,0,0,0,0,0
Alambadi_67_jpg.rf.ea20b6638db33f008de6eeeef53f70fc.jpg,1,0,0,0,0,0,0,0,0,0,0,0,0,0,0,0,0,0,0,0,0,0
Gir_261_jpg.rf.ec8865223141ad5e13eba019b2958c28.jpg,0,0,0,0,0,1,0,0,0,0,0,0,0,0,0,0,0,0,0,0,0,0
Red_Sindhi_32_jpg.rf.42b4d9855cbadf4250881bf14d6146ac.jpg,0,0,0,0,0,0,0,0,0,0,0,0,0,0,0,0,0,0,1,0,0,0
00000147_jpg.rf.92391c196445c00d34532fe3e5a7bc77.jpg,0,0,0,1,0,0,0,0,0,0,0,0,0,0,0,0,0,0,0,0,0,0
Ongole_106_jpg.rf.628e7e59a791c2c8d752501f918e3d82.jpg,0,0,0,0,0,0,0,0,0,0,0,0,0,0,0,1,0,0,0,0,0,0
Ayrshire_216_jpg.rf.7762b5d8f1659e18dc4f6ab959e35edb.jpg,0,0,1,0,0,0,0,0,0,0,0,0,0,0,0,0,0,0,0,0,0,0
Krishna_Valley_121_jpg.rf.48d3b03f59dcb0f12988df99628c6685.jpg,0,0,0,0,0,0,0,0,0,0,0,0,0,1,0,0,0,0,0,0,0,0
Pulikulam_106_png.rf.a0aa89f7858b364d14b545638923f30d.jpg,0,0,0,0,0,0,0,0,0,0,0,0,0,0,0,0,1,0,0,0,0,0
Amritmahal_84_jpg.rf.3335430ba5b3a83f533c344644c5f00d.jpg,0,1,0,0,0,0,0,0,0,0,0,0,0,0,0,0,0,0,0,0,0,0
Hallikar_183_jpg.rf.cfd18aa0a9d7e675a1edb64fea296a4d.jpg,0,0,0,0,0,0,0,1,0,0,0,0,0,0,0,0,0,0,0,0,0,0
Ongole_106_jpg.rf.161316e012bf2a7433cf0557286638f4.jpg,0,0,0,0,0,0,0,0,0,0,0,0,0,0,0,1,0,0,0,0,0,0
Kangayam_97_jpg.rf.ad23434645c0358075bae3b66993e25f.jpg,0,0,0,0,0,0,0,0,0,0,0,1,0,0,0,0,0,0,0,0,0,0
Holstein_Friesian_85_jpg.rf.44203da6d590e9b2501681427f14cbe1.jpg,0,0,0,0,0,0,0,0,0,1,0,0,0,0,0,0,0,0,0,0,0,0
Guernsey_92_jpg.rf.d8614f3203da39e1e29417813fec71b7.jpg,0,0,0,0,0,0,1,0,0,0,0,0,0,0,0,0,0,0,0,0,0,0
Gir_97_jpeg.rf.914b82733fc0dbef9e55a05cf3f25a3d.jpg,0,0,0,0,0,1,0,0,0,0,0,0,0,0,0,0,0,0,0,0,0,0
00000251_jpg.rf.281a0698c0f2bd785b8e26a6f31706ac.jpg,0,0,0,0,0,0,0,0,0,0,0,0,0,0,0,0,0,0,0,0,0,1
Guernsey_111_jpg.rf.9992ee9c6c05c49886039d49830dcb47.jpg,0,0,0,0,0,0,1,0,0,0,0,0,0,0,0,0,0,0,0,0,0,0
00000127_jpg.rf.e81a1f92bc9725e7e5fcaef92e644c44.jpg,0,0,0,0,0,0,0,0,0,0,0,0,0,0,0,0,0,1,0,0,0,0
Gir_261_jpg.rf.31a148f786bb1f8d43605f2d37f736f2.jpg,0,0,0,0,0,1,0,0,0,0,0,0,0,0,0,0,0,0,0,0,0,0
Amritmahal_84_jpg.rf.af921f3984fb77e51954de692269fc30.jpg,0,1,0,0,0,0,0,0,0,0,0,0,0,0,0,0,0,0,0,0,0,0
Ongole_172_png.rf.f7fcf97d48aab71de1144e39319164ac.jpg,0,0,0,0,0,0,0,0,0,0,0,0,0,0,0,1,0,0,0,0,0,0
Hariana_104_png.rf.4305ec19c5379c0532e106d7548dbc17.jpg,0,0,0,0,0,0,0,0,1,0,0,0,0,0,0,0,0,0,0,0,0,0
00000006_jpg.rf.e4b047f328e41d0bdd0de7cd26fa48d4.jpg,0,0,0,1,0,0,0,0,0,0,0,0,0,0,0,0,0,0,0,0,0,0
Krishna_Valley_10_jpg.rf.2d6b7a2a7a3bf40465520f0462c2168e.jpg,0,0,0,0,0,0,0,0,0,0,0,0,0,1,0,0,0,0,0,0,0,0
Holstein_Friesian_99_jpg.rf.5940303a0049d963cbd6a5867465b4b7.jpg,0,0,0,0,0,0,0,0,0,1,0,0,0,0,0,0,0,0,0,0,0,0
Ayrshire_206_jpg.rf.1237c312c5d93c47f93957e07b940f5b.jpg,0,0,1,0,0,0,0,0,0,0,0,0,0,0,0,0,0,0,0,0,0,0
Amritmahal_65_png.rf.fe93ff3e9cfe785bf56dbbb33c38ff3a.jpg,0,1,0,0,0,0,0,0,0,0,0,0,0,0,0,0,0,0,0,0,0,0
00000046_jpg.rf.7b57a542f33a9ad0287690822f9cbe64.jpg,0,0,0,0,0,0,0,0,0,0,0,0,0,0,1,0,0,0,0,0,0,0
Kankrej_56_jpg.rf.e110bade04d3b0ab9b6921e8cd370be5.jpg,0,0,0,0,0,0,0,0,0,0,0,0,1,0,0,0,0,0,0,0,0,0
Tharparkar_21_jpg.rf.f59f9af6db9ce9f2c8baf5e502a741cf.jpg,0,0,0,0,0,0,0,0,0,0,0,0,0,0,0,0,0,0,0,0,1,0
Jersey_28_jpg.rf.cb557ce41251b2b2cfe4c4a5a4353ad6.jpg,0,0,0,0,0,0,0,0,0,0,1,0,0,0,0,0,0,0,0,0,0,0
Tharparkar_49_jpg.rf.55ab9c8dcf9ce6a84b02ad5455439eac.jpg,0,0,0,0,0,0,0,0,0,0,0,0,0,0,0,0,0,0,0,0,1,0
Krishna_Valley_129_jpg.rf.63d4e9d14e2a6bb0890e58e3971bd641.jpg,0,0,0,0,0,0,0,0,0,0,0,0,0,1,0,0,0,0,0,0,0,0
Screenshot-1061-_png.rf.dc49eb7088d2cb4193e6f5086c13a7d8.jpg,0,0,0,0,0,0,0,0,0,0,0,0,0,0,1,0,0,0,0,0,0,0
Jersey_1_jpg.rf.645f85e246758ca13a2f15211cfeaa2d.jpg,0,0,0,0,0,0,0,0,0,0,1,0,0,0,0,0,0,0,0,0,0,0
Alambadi_63_jpg.rf.810300ff1077a60f17415e28f3f5479a.jpg,1,0,0,0,0,0,0,0,0,0,0,0,0,0,0,0,0,0,0,0,0,0
Hariana_80_jpg.rf.9b4564eac129f482094fadb6a4251235.jpg,0,0,0,0,0,0,0,0,1,0,0,0,0,0,0,0,0,0,0,0,0,0
Jersey_8_jpg.rf.f8baf4b96be9589e82f2144b9305a8d6.jpg,0,0,0,0,0,0,0,0,0,0,1,0,0,0,0,0,0,0,0,0,0,0
Sahiwal_410_jpeg.rf.03fefc37aeced5d3e3d992544a8b5b99.jpg,0,0,0,0,0,0,0,0,0,0,0,0,0,0,0,0,0,0,0,1,0,0
Red_Sindhi_32_jpg.rf.e618382aa8e6187cb32a12bb230fe268.jpg,0,0,0,0,0,0,0,0,0,0,0,0,0,0,0,0,0,0,1,0,0,0
Holstein_Friesian_6_jpg.rf.d32fdaea8aaaba2e97803dc7462d9ba6.jpg,0,0,0,0,0,0,0,0,0,1,0,0,0,0,0,0,0,0,0,0,0,0
00000373_jpg.rf.803f0df5486fdab659836c8d23a6f9b0.jpg,0,0,0,0,0,0,0,0,0,0,0,0,0,0,0,0,0,1,0,0,0,0
Kankrej_1_JPG.rf.00ea794c83bc24267141920c491c95c2.jpg,0,0,0,0,0,0,0,0,0,0,0,0,1,0,0,0,0,0,0,0,0,0
Ayrshire_41_jpg.rf.df351dd88c40d36062390790beb56d1d.jpg,0,0,1,0,0,0,0,0,0,0,0,0,0,0,0,0,0,0,0,0,0,0
Gir_85_jpg.rf.1183d180d4037d75445f2707dc735f9c.jpg,0,0,0,0,0,1,0,0,0,0,0,0,0,0,0,0,0,0,0,0,0,0
Gir_284_jpg.rf.73e65b77bd73ee1af8eb4902b2083e29.jpg,0,0,0,0,0,1,0,0,0,0,0,0,0,0,0,0,0,0,0,0,0,0
Jersey_45_jpg.rf.eaf575807c71af5a86305736275dd7e3.jpg,0,0,0,0,0,0,0,0,0,0,1,0,0,0,0,0,0,0,0,0,0,0
Jersey_3_jpg.rf.46086aad902e8dfbbdd5fcf5d428fe44.jpg,0,0,0,0,0,0,0,0,0,0,1,0,0,0,0,0,0,0,0,0,0,0
Holstein_Friesian_6_jpg.rf.400a6cd2f0013f122048b799ee9f5103.jpg,0,0,0,0,0,0,0,0,0,1,0,0,0,0,0,0,0,0,0,0,0,0
Jersey_28_jpg.rf.48ed0533da0e6060253856eacfd61498.jpg,0,0,0,0,0,0,0,0,0,0,1,0,0,0,0,0,0,0,0,0,0,0
Kankrej_98_jpg.rf.2ead9299a7b2a8abc6c220566f36315d.jpg,0,0,0,0,0,0,0,0,0,0,0,0,1,0,0,0,0,0,0,0,0,0
Gir_162_jpg.rf.f5624bbd67bdd45a9fe49fcdf6645a9d.jpg,0,0,0,0,0,1,0,0,0,0,0,0,0,0,0,0,0,0,0,0,0,0
Red_Sindhi_81_jpg.rf.fa1085fc3ef77a89ecca96730cf321fd.jpg,0,0,0,0,0,0,0,0,0,0,0,0,0,0,0,0,0,0,1,0,0,0
Krishna_Valley_39_jpg.rf.429cd70cb201875952686d220b7faed2.jpg,0,0,0,0,0,0,0,0,0,0,0,0,0,1,0,0,0,0,0,0,0,0
Kankrej_1_JPG.rf.930d0ae8f1cb705801cfe4a02b0edb0d.jpg,0,0,0,0,0,0,0,0,0,0,0,0,1,0,0,0,0,0,0,0,0,0
Sahiwal_429_jpeg.rf.e34e632d5627efb9b69e44e1f8e29f2e.jpg,0,0,0,0,0,0,0,0,0,0,0,0,0,0,0,0,0,0,0,1,0,0
00000191_jpg.rf.439aac018af4b5c4d16608c8e450fee0.jpg,0,0,0,0,0,0,0,0,0,0,0,0,0,0,1,0,0,0,0,0,0,0
Guernsey_73_jpg.rf.206bf3a7b05046da60dcf0b078408d29.jpg,0,0,0,0,0,0,1,0,0,0,0,0,0,0,0,0,0,0,0,0,0,0
00000033_jpg.rf.3a16f02149ca12c5dcdfee3d270eb7bc.jpg,0,0,0,1,0,0,0,0,0,0,0,0,0,0,0,0,0,0,0,0,0,0
00000015_jpg.rf.f6f8d09f17a0d0d21b2800574b79648f.jpg,0,0,0,1,0,0,0,0,0,0,0,0,0,0,0,0,0,0,0,0,0,0
Hariana_91_png.rf.6f367b7aec24626cb9051e78fc7a64bc.jpg,0,0,0,0,0,0,0,0,1,0,0,0,0,0,0,0,0,0,0,0,0,0
00000015_jpg.rf.4e5ab6baff5e6bae97f1e16df33ffccb.jpg,0,0,0,1,0,0,0,0,0,0,0,0,0,0,0,0,0,0,0,0,0,0
Brown_Swiss_79_jpg.rf.41ab29cb6bdb1344b2d575f10392eef0.jpg,0,0,0,0,1,0,0,0,0,0,0,0,0,0,0,0,0,0,0,0,0,0
Pulikulam_107_jpg.rf.7821dd14f76c4cd54845886bb24f03a5.jpg,0,0,0,0,0,0,0,0,0,0,0,0,0,0,0,0,1,0,0,0,0,0
Kankrej_1_JPG.rf.e871ea2d978fab7158ea54e5a07cb126.jpg,0,0,0,0,0,0,0,0,0,0,0,0,1,0,0,0,0,0,0,0,0,0
Brown_Swiss_28_jpg.rf.ea1e27929acdbcb17896394ba8e9c633.jpg,0,0,0,0,1,0,0,0,0,0,0,0,0,0,0,0,0,0,0,0,0,0
Jersey_62_jpg.rf.1f293f0cdecdb35f50968c4c2e171908.jpg,0,0,0,0,0,0,0,0,0,0,1,0,0,0,0,0,0,0,0,0,0,0
00000384_jpg.rf.b128f6a6ba7a6726901e583290d6d8b4.jpg,0,0,0,0,0,0,0,0,0,0,0,0,0,0,0,0,0,0,0,0,0,1
Jersey_35_jpg.rf.847d8df4c60eab21ac59955a65a8181d.jpg,0,0,0,0,0,0,0,0,0,0,1,0,0,0,0,0,0,0,0,0,0,0
00000191_jpg.rf.527d83985553bb242613ec1f52bad825.jpg,0,0,0,0,0,0,0,0,0,0,0,0,0,0,1,0,0,0,0,0,0,0
00000176_jpg.rf.a2f2f41f4b45b8925a7e18a89408882b.jpg,0,0,0,0,0,0,0,0,0,0,0,0,0,0,0,0,0,1,0,0,0,0
Hallikar_165_jpeg.rf.6f3fc2eec843600b76aecdf29f356e8c.jpg,0,0,0,0,0,0,0,1,0,0,0,0,0,0,0,0,0,0,0,0,0,0
00000373_jpg.rf.cb68ff9f286063614e93b34be50ddd64.jpg,0,0,0,0,0,0,0,0,0,0,0,0,0,0,0,0,0,1,0,0,0,0
Holstein_Friesian_36_jpg.rf.bbaa2b0a48cbd95f1d606ef34744d9fb.jpg,0,0,0,0,0,0,0,0,0,1,0,0,0,0,0,0,0,0,0,0,0,0
Hallikar_68_png.rf.7ddc29bc7a4626185a261d528de08db6.jpg,0,0,0,0,0,0,0,1,0,0,0,0,0,0,0,0,0,0,0,0,0,0
Screenshot-259-_png.rf.d154567752c5b77c0ddae87d145ec0a4.jpg,0,0,0,0,0,0,0,0,0,0,0,0,0,0,0,0,0,0,0,0,0,1
00000384_jpg.rf.3dc6085526c9918468025adbbf57b2b6.jpg,0,0,0,0,0,0,0,0,0,0,0,0,0,0,0,0,0,0,0,0,0,1
Sahiwal_316_jpg.rf.bc5bdee868dc2b5976d69fddaf79f0e1.jpg,0,0,0,0,0,0,0,0,0,0,0,0,0,0,0,0,0,0,0,1,0,0
Kankrej_165_jpg.rf.404f052b541847858641fd2ec06dc549.jpg,0,0,0,0,0,0,0,0,0,0,0,0,1,0,0,0,0,0,0,0,0,0
Pulikulam_43_jpg.rf.0c2092b868624e190b7e2799b1c95afe.jpg,0,0,0,0,0,0,0,0,0,0,0,0,0,0,0,0,1,0,0,0,0,0
Hariana_29_jpg.rf.e20ba36c2a6bd47c873af839c8521c2a.jpg,0,0,0,0,0,0,0,0,1,0,0,0,0,0,0,0,0,0,0,0,0,0
Kangayam_80_jpg.rf.868e45e5a9b1ee72503f5d151745d81b.jpg,0,0,0,0,0,0,0,0,0,0,0,1,0,0,0,0,0,0,0,0,0,0
Jersey_8_jpg.rf.c9f9334081b33c679754de5909f7bf9b.jpg,0,0,0,0,0,0,0,0,0,0,1,0,0,0,0,0,0,0,0,0,0,0
Amritmahal_84_jpg.rf.c336685bd72718207bb5ae821e762257.jpg,0,1,0,0,0,0,0,0,0,0,0,0,0,0,0,0,0,0,0,0,0,0
Pulikulam_107_jpg.rf.5f3cada06334b71d8bfd43717578541b.jpg,0,0,0,0,0,0,0,0,0,0,0,0,0,0,0,0,1,0,0,0,0,0
Ongole_123_jpg.rf.948f4d9f93ab72fd133524a42a25885d.jpg,0,0,0,0,0,0,0,0,0,0,0,0,0,0,0,1,0,0,0,0,0,0
Sahiwal_355_jpg.rf.2734fc192f44783c3818fc05b78ef4d6.jpg,0,0,0,0,0,0,0,0,0,0,0,0,0,0,0,0,0,0,0,1,0,0
Ongole_27_jpg.rf.8d0bd64ab1c3f6fa84e0edb2f88497e1.jpg,0,0,0,0,0,0,0,0,0,0,0,0,0,0,0,1,0,0,0,0,0,0
Pulikulam_70_jpg.rf.2bcdce8e6108f7ad16778b5814083878.jpg,0,0,0,0,0,0,0,0,0,0,0,0,0,0,0,0,1,0,0,0,0,0
Tharparkar_49_jpg.rf.066496d32c5ef0503d89e858858fae77.jpg,0,0,0,0,0,0,0,0,0,0,0,0,0,0,0,0,0,0,0,0,1,0
00000386_jpg.rf.3504ae2b3d91fb95997e905eefe7a039.jpg,0,0,0,0,0,0,0,0,0,0,0,0,0,0,0,0,0,0,0,0,0,1
Red_Sindhi_121_jpeg.rf.2fe95acde599992050d33ffdb915df2f.jpg,0,0,0,0,0,0,0,0,0,0,0,0,0,0,0,0,0,0,1,0,0,0
00000383_jpg.rf.f99103b21f4aac2ac05ecb45f947761e.jpg,0,0,0,0,0,0,0,0,0,0,0,0,0,0,0,0,0,1,0,0,0,0
Amritmahal_31_jpg.rf.c1727c3d11f956fc33b6cd83cbdcdc86.jpg,0,1,0,0,0,0,0,0,0,0,0,0,0,0,0,0,0,0,0,0,0,0
Guernsey_95_jpg.rf.bc74901b4d85858b8060170d8202357d.jpg,0,0,0,0,0,0,1,0,0,0,0,0,0,0,0,0,0,0,0,0,0,0
00000015_jpg.rf.0a7fc9bec52b4893f648c0ed4afdfb79.jpg,0,0,0,1,0,0,0,0,0,0,0,0,0,0,0,0,0,0,0,0,0,0
Ayrshire_216_jpg.rf.1833bf3c1a4c6ba7fad7caaa22319129.jpg,0,0,1,0,0,0,0,0,0,0,0,0,0,0,0,0,0,0,0,0,0,0
Ongole_16_jpg.rf.3732cda89ea27d80b462cc20f0f5c706.jpg,0,0,0,0,0,0,0,0,0,0,0,0,0,0,0,1,0,0,0,0,0,0
Brown_Swiss_130_jpg.rf.4a6aa88a889aee01ece159fbeb2c6ba0.jpg,0,0,0,0,1,0,0,0,0,0,0,0,0,0,0,0,0,0,0,0,0,0
Krishna_Valley_10_jpg.rf.b5af778e3d46b57deca1982ed840b9f5.jpg,0,0,0,0,0,0,0,0,0,0,0,0,0,1,0,0,0,0,0,0,0,0
Guernsey_109_jpg.rf.3955358767bf789d94b3ed30a0303e49.jpg,0,0,0,0,0,0,1,0,0,0,0,0,0,0,0,0,0,0,0,0,0,0
Jersey_194_jpg.rf.8b64eddab2871d9e62ab14e6cac6d5ae.jpg,0,0,0,0,0,0,0,0,0,0,1,0,0,0,0,0,0,0,0,0,0,0
Gir_215_jpg.rf.a0a9ede36be5482f389acea291051218.jpg,0,0,0,0,0,1,0,0,0,0,0,0,0,0,0,0,0,0,0,0,0,0
Holstein_Friesian_46_jpg.rf.48a06f0992caa3849aa7b2ed427bf221.jpg,0,0,0,0,0,0,0,0,0,1,0,0,0,0,0,0,0,0,0,0,0,0
Ongole_158_jpg.rf.a6a21e03633ea73e4a70a9a9fbcaa4a5.jpg,0,0,0,0,0,0,0,0,0,0,0,0,0,0,0,1,0,0,0,0,0,0
Krishna_Valley_76_jpg.rf.1ad02347c3aa36ad32d56a9fd7bc8350.jpg,0,0,0,0,0,0,0,0,0,0,0,0,0,1,0,0,0,0,0,0,0,0
Ayrshire_74_jpg.rf.de636e6f002bef7ea1adc1662fac859b.jpg,0,0,1,0,0,0,0,0,0,0,0,0,0,0,0,0,0,0,0,0,0,0
Red_Sindhi_121_jpeg.rf.a1c3df2e93994d955daf2086e4a883b5.jpg,0,0,0,0,0,0,0,0,0,0,0,0,0,0,0,0,0,0,1,0,0,0
Holstein_Friesian_206_jpg.rf.fafd5faebe998bef43babd05f1e0fbc2.jpg,0,0,0,0,0,0,0,0,0,1,0,0,0,0,0,0,0,0,0,0,0,0
Red_Sindhi_55_jpg.rf.5cf1453dabf22f19fda0710658ec8582.jpg,0,0,0,0,0,0,0,0,0,0,0,0,0,0,0,0,0,0,1,0,0,0
Ayrshire_53_jpg.rf.101e69721a8617fda795e87586020cb8.jpg,0,0,1,0,0,0,0,0,0,0,0,0,0,0,0,0,0,0,0,0,0,0
Sahiwal_296_jpg.rf.20c5a9725ef52b532de7cb0677cbbd8d.jpg,0,0,0,0,0,0,0,0,0,0,0,0,0,0,0,0,0,0,0,1,0,0
Kangayam_97_jpg.rf.eed4cea46a058fe70c4be9f47f45ffab.jpg,0,0,0,0,0,0,0,0,0,0,0,1,0,0,0,0,0,0,0,0,0,0
Kankrej_79_jpg.rf.47a0835e7769af66b9e54384ce745539.jpg,0,0,0,0,0,0,0,0,0,0,0,0,1,0,0,0,0,0,0,0,0,0
Kankrej_174_jpg.rf.12b4f785d02e978f75a392dc36b6b21e.jpg,0,0,0,0,0,0,0,0,0,0,0,0,1,0,0,0,0,0,0,0,0,0
Kankrej_5_jpg.rf.bda2574be80a1fcc581ef0b20081874f.jpg,0,0,0,0,0,0,0,0,0,0,0,0,1,0,0,0,0,0,0,0,0,0
Jersey_162_jpg.rf.5222956cedfd83ef94d68adcc8e5ee1b.jpg,0,0,0,0,0,0,0,0,0,0,1,0,0,0,0,0,0,0,0,0,0,0
Brown_Swiss_31_jpg.rf.029d8117bf1edbcb169de8f085e4be6b.jpg,0,0,0,0,1,0,0,0,0,0,0,0,0,0,0,0,0,0,0,0,0,0
Ongole_173_jpg.rf.a739fca2da39f9f63bc8b9bb998d8a9a.jpg,0,0,0,0,0,0,0,0,0,0,0,0,0,0,0,1,0,0,0,0,0,0
Tharparkar_173_jpg.rf.d61a8ac58f2d5be9ce82b5fbcba3d037.jpg,0,0,0,0,0,0,0,0,0,0,0,0,0,0,0,0,0,0,0,0,1,0
Pulikulam_70_jpg.rf.0b5a06f338e78aab6d27d582969ef429.jpg,0,0,0,0,0,0,0,0,0,0,0,0,0,0,0,0,1,0,0,0,0,0
00000295_jpg.rf.6fc96b186316ad0788819b833815f0dd.jpg,0,0,0,1,0,0,0,0,0,0,0,0,0,0,0,0,0,0,0,0,0,0
Pulikulam_10_jpg.rf.82732033a982f6afddeb0583b3e1aa00.jpg,0,0,0,0,0,0,0,0,0,0,0,0,0,0,0,0,1,0,0,0,0,0
Sahiwal_296_jpg.rf.1cde14ce245cbd4cd516253afb2163a4.jpg,0,0,0,0,0,0,0,0,0,0,0,0,0,0,0,0,0,0,0,1,0,0
Red_Sindhi_95_jpg.rf.7da84c54f98a5c44ca277be778135cc1.jpg,0,0,0,0,0,0,0,0,0,0,0,0,0,0,0,0,0,0,1,0,0,0
00000127_jpg.rf.d627b77c411e995e4c741148dbebc05a.jpg,0,0,0,0,0,0,0,0,0,0,0,0,0,0,0,0,0,1,0,0,0,0
Amritmahal_28_png.rf.5c7040fc126f2dea693f89a76ed2496a.jpg,0,1,0,0,0,0,0,0,0,0,0,0,0,0,0,0,0,0,0,0,0,0
Jersey_62_jpg.rf.6a90571d2a0530d8e64d7bccdb7cac34.jpg,0,0,0,0,0,0,0,0,0,0,1,0,0,0,0,0,0,0,0,0,0,0
Amritmahal_43_png.rf.8fab2ab46fdde0fc55853f0a3bb6be61.jpg,0,1,0,0,0,0,0,0,0,0,0,0,0,0,0,0,0,0,0,0,0,0
Tharparkar_39_jpg.rf.fe8e3a2388d68d42f08c3d537833bb08.jpg,0,0,0,0,0,0,0,0,0,0,0,0,0,0,0,0,0,0,0,0,1,0
Ongole_125_jpg.rf.78b7293a3d5fc0d0c5c3da16c915011f.jpg,0,0,0,0,0,0,0,0,0,0,0,0,0,0,0,1,0,0,0,0,0,0
Kangayam_92_jpg.rf.57920d347188f32458899117c3fade04.jpg,0,0,0,0,0,0,0,0,0,0,0,1,0,0,0,0,0,0,0,0,0,0
Pulikulam_107_jpg.rf.f01b998ddb75ac13c3146be4d8917a9b.jpg,0,0,0,0,0,0,0,0,0,0,0,0,0,0,0,0,1,0,0,0,0,0
Holstein_Friesian_206_jpg.rf.0d3851c8cf0b606f63ca92c5ff048d3c.jpg,0,0,0,0,0,0,0,0,0,1,0,0,0,0,0,0,0,0,0,0,0,0
Amritmahal_19_png.rf.a6d4a594ccdc954aa0ebc5ec4b1c9d02.jpg,0,1,0,0,0,0,0,0,0,0,0,0,0,0,0,0,0,0,0,0,0,0
Screenshot-1052-_png.rf.f095ebcdf3946f6722875ea7e73fc672.jpg,0,0,0,0,0,0,0,0,0,0,0,0,0,0,1,0,0,0,0,0,0,0
Red_Sindhi_121_jpeg.rf.b20f7d5d7df68a16a0aa2bf491d25f98.jpg,0,0,0,0,0,0,0,0,0,0,0,0,0,0,0,0,0,0,1,0,0,0
00000390_jpg.rf.1fff413074a9f437c9be546524909d30.jpg,0,0,0,0,0,0,0,0,0,0,0,0,0,0,0,0,0,0,0,0,0,1
Sahiwal_62_jpg.rf.db762cb43cba7d9b92f11b5cb2b1c2ec.jpg,0,0,0,0,0,0,0,0,0,0,0,0,0,0,0,0,0,0,0,1,0,0
Guernsey_95_jpg.rf.fac0e8f6c1bd27ae6b892fc3a8263b5e.jpg,0,0,0,0,0,0,1,0,0,0,0,0,0,0,0,0,0,0,0,0,0,0
Gir_97_jpeg.rf.1ab3ed62843b49a51ccc01426ef30eac.jpg,0,0,0,0,0,1,0,0,0,0,0,0,0,0,0,0,0,0,0,0,0,0
00000383_jpg.rf.98f12975d416150aac7446e2f06dd418.jpg,0,0,0,0,0,0,0,0,0,0,0,0,0,0,0,0,0,1,0,0,0,0
00000200_jpg.rf.46e51904e010f525278ea25b1eb0c7bc.jpg,0,0,0,0,0,0,0,0,0,0,0,0,0,0,0,0,0,1,0,0,0,0
Guernsey_92_jpg.rf.b9f8374bd09923ae062166fef5e1f0ff.jpg,0,0,0,0,0,0,1,0,0,0,0,0,0,0,0,0,0,0,0,0,0,0
Red_Sindhi_56_jpg.rf.a89d251a3c3efe7a3c2c104e3ec60f06.jpg,0,0,0,0,0,0,0,0,0,0,0,0,0,0,0,0,0,0,1,0,0,0
Ongole_125_jpg.rf.07490aa61507a4760cb997b6baafdfc6.jpg,0,0,0,0,0,0,0,0,0,0,0,0,0,0,0,1,0,0,0,0,0,0
Gir_83_jpg.rf.f09fd69f5a605185d1570f1c293f8fa0.jpg,0,0,0,0,0,1,0,0,0,0,0,0,0,0,0,0,0,0,0,0,0,0
Ongole_122_png.rf.1a0c6a58582a9fae1602968e8033a974.jpg,0,0,0,0,0,0,0,0,0,0,0,0,0,0,0,1,0,0,0,0,0,0
Kangayam_58_jpg.rf.d70cc0cb9dced169a7d4a868caa600ce.jpg,0,0,0,0,0,0,0,0,0,0,0,1,0,0,0,0,0,0,0,0,0,0
Ayrshire_92_jpg.rf.b1f7c3f74899df554a8c65ae34312961.jpg,0,0,1,0,0,0,0,0,0,0,0,0,0,0,0,0,0,0,0,0,0,0
Screenshot-259-_png.rf.d5a5ebb7e9fff3d358ca771c5ddfa24e.jpg,0,0,0,0,0,0,0,0,0,0,0,0,0,0,0,0,0,0,0,0,0,1
Brown_Swiss_111_jpg.rf.4778648fcbd74baef8899bf146c9d5c7.jpg,0,0,0,0,1,0,0,0,0,0,0,0,0,0,0,0,0,0,0,0,0,0
Red_Sindhi_75_jpg.rf.86990b078986717e149d99b982a75896.jpg,0,0,0,0,0,0,0,0,0,0,0,0,0,0,0,0,0,0,1,0,0,0
Kangayam_80_jpg.rf.7e1e5c5fb56b680d384c9e0f86c7154f.jpg,0,0,0,0,0,0,0,0,0,0,0,1,0,0,0,0,0,0,0,0,0,0
Red_Sindhi_75_jpg.rf.53280b5c5e1d56882f192acb6495b628.jpg,0,0,0,0,0,0,0,0,0,0,0,0,0,0,0,0,0,0,1,0,0,0
Brown_Swiss_78_jpg.rf.77063e03fc9ba467f78124ddfb46d00d.jpg,0,0,0,0,1,0,0,0,0,0,0,0,0,0,0,0,0,0,0,0,0,0
Hariana_104_png.rf.5255754abdc7a4a3d693d3fa303c34de.jpg,0,0,0,0,0,0,0,0,1,0,0,0,0,0,0,0,0,0,0,0,0,0
Krishna_Valley_129_jpg.rf.77c7ec794d9234a35a9005f021a9666d.jpg,0,0,0,0,0,0,0,0,0,0,0,0,0,1,0,0,0,0,0,0,0,0
Red_Sindhi_40_jpg.rf.25ef056bc13b78ceced0ec7b47a75467.jpg,0,0,0,0,0,0,0,0,0,0,0,0,0,0,0,0,0,0,1,0,0,0
Pulikulam_10_jpg.rf.6d040f590c621cccb316f59ea6be8cf2.jpg,0,0,0,0,0,0,0,0,0,0,0,0,0,0,0,0,1,0,0,0,0,0
Guernsey_96_jpg.rf.41395f88d42e3e40cfc10d8038aecf4a.jpg,0,0,0,0,0,0,1,0,0,0,0,0,0,0,0,0,0,0,0,0,0,0
Red_Sindhi_128_jpg.rf.e2b01f301f488ae4ddce0cf516839002.jpg,0,0,0,0,0,0,0,0,0,0,0,0,0,0,0,0,0,0,1,0,0,0
Pulikulam_36_jpg.rf.6a58864703ea3e37bacad022e7bde8d1.jpg,0,0,0,0,0,0,0,0,0,0,0,0,0,0,0,0,1,0,0,0,0,0
Ayrshire_233_jpg.rf.a8a7f9dcd90eef22930aef075162d1d7.jpg,0,0,1,0,0,0,0,0,0,0,0,0,0,0,0,0,0,0,0,0,0,0
Sahiwal_316_jpg.rf.7a6b823e92fbeebda1dae52c9bf5b60f.jpg,0,0,0,0,0,0,0,0,0,0,0,0,0,0,0,0,0,0,0,1,0,0
00000064_jpg.rf.79e75bf605eeeef5ffb901957ba198e2.jpg,0,0,0,0,0,0,0,0,0,0,0,0,0,0,0,0,0,0,0,0,0,1
Hariana_79_jpg.rf.45f75fa583bd798d167e587cecf8be76.jpg,0,0,0,0,0,0,0,0,1,0,0,0,0,0,0,0,0,0,0,0,0,0
Screenshot-287-_png.rf.b5c0deacf0bf33b760c3ca88e44fae7c.jpg,0,0,0,0,0,0,0,0,0,0,0,0,0,0,0,0,0,0,0,0,0,1
Sahiwal_307_jpg.rf.425a5f6bed8edb9206d505812f913334.jpg,0,0,0,0,0,0,0,0,0,0,0,0,0,0,0,0,0,0,0,1,0,0
00000251_jpg.rf.dbeb434a11d780716e58e3f2396fb3d2.jpg,0,0,0,0,0,0,0,0,0,0,0,0,0,0,0,0,0,0,0,0,0,1
Tharparkar_98_png.rf.74f5f5ef5d62e13d9b745116459b049e.jpg,0,0,0,0,0,0,0,0,0,0,0,0,0,0,0,0,0,0,0,0,1,0
Kangayam_59_jpg.rf.bd1f5fc6f637608da0b2eadefef75c8d.jpg,0,0,0,0,0,0,0,0,0,0,0,1,0,0,0,0,0,0,0,0,0,0
Sahiwal_421_jpg.rf.b79eee4c8c34ef5e9403bf76267b424f.jpg,0,0,0,0,0,0,0,0,0,0,0,0,0,0,0,0,0,0,0,1,0,0
Amritmahal_23_png.rf.6f189ca37f485e40f9053e001464d9c8.jpg,0,1,0,0,0,0,0,0,0,0,0,0,0,0,0,0,0,0,0,0,0,0
Hariana_121_jpg.rf.30d171b8af5d581b075b077892b6c76d.jpg,0,0,0,0,0,0,0,0,1,0,0,0,0,0,0,0,0,0,0,0,0,0
00000003_jpg.rf.19db901a5fbaa383ae989282abd85621.jpg,0,0,0,1,0,0,0,0,0,0,0,0,0,0,0,0,0,0,0,0,0,0
Sahiwal_321_jpg.rf.70f647f28bd5666c47e7b2273d40a2e0.jpg,0,0,0,0,0,0,0,0,0,0,0,0,0,0,0,0,0,0,0,1,0,0
Hallikar_44_jpg.rf.321dd27295610bb8376d8f8aa71c48f6.jpg,0,0,0,0,0,0,0,1,0,0,0,0,0,0,0,0,0,0,0,0,0,0
Kankrej_56_jpg.rf.4d0852268bd775974ebbcb03c0999869.jpg,0,0,0,0,0,0,0,0,0,0,0,0,1,0,0,0,0,0,0,0,0,0
Ongole_161_jpg.rf.e53aa6f40371c3e7930335bab6784080.jpg,0,0,0,0,0,0,0,0,0,0,0,0,0,0,0,1,0,0,0,0,0,0
Holstein_Friesian_36_jpg.rf.3eaaf8e70f42cfa57cc71845e17f1b8e.jpg,0,0,0,0,0,0,0,0,0,1,0,0,0,0,0,0,0,0,0,0,0,0
00000191_jpg.rf.3fa3bada1748d9a159afa3dc2e3ec626.jpg,0,0,0,0,0,0,0,0,0,0,0,0,0,0,1,0,0,0,0,0,0,0
Sahiwal_320_jpg.rf.d61d295df048a9f749105bbf279a60ec.jpg,0,0,0,0,0,0,0,0,0,0,0,0,0,0,0,0,0,0,0,1,0,0
Jersey_35_jpg.rf.798a75ce4c1fab738fabf7c51d9bd942.jpg,0,0,0,0,0,0,0,0,0,0,1,0,0,0,0,0,0,0,0,0,0,0
Holstein_Friesian_299_jpg.rf.2536a7e1436d34e58b5ed0c87e52cbd0.jpg,0,0,0,0,0,0,0,0,0,1,0,0,0,0,0,0,0,0,0,0,0,0
Alambadi_67_jpg.rf.89607e0aeb1fec9ae6b4ffe50efde426.jpg,1,0,0,0,0,0,0,0,0,0,0,0,0,0,0,0,0,0,0,0,0,0
Amritmahal_65_png.rf.72f9515fbd05699f87017c7f2c2e0c57.jpg,0,1,0,0,0,0,0,0,0,0,0,0,0,0,0,0,0,0,0,0,0,0
Krishna_Valley_1_jpg.rf.b74046b5e0f72ee726bed5d151e0412b.jpg,0,0,0,0,0,0,0,0,0,0,0,0,0,1,0,0,0,0,0,0,0,0
00000064_jpg.rf.d62c4b35a52accf7d2b93463bd01e03d.jpg,0,0,0,0,0,0,0,0,0,0,0,0,0,0,0,0,0,0,0,0,0,1
Pulikulam_118_jpg.rf.5d56de7e759b72563b48e628cf318ee4.jpg,0,0,0,0,0,0,0,0,0,0,0,0,0,0,0,0,1,0,0,0,0,0
Jersey_195_jpg.rf.56892259281cd5b70b36ce3021d49dc9.jpg,0,0,0,0,0,0,0,0,0,0,1,0,0,0,0,0,0,0,0,0,0,0
Brown_Swiss_190_jpg.rf.52177dcb52118a1a5e81943583cab31d.jpg,0,0,0,0,1,0,0,0,0,0,0,0,0,0,0,0,0,0,0,0,0,0
Red_Sindhi_55_jpg.rf.674fceed0956fa10a01c3e5647a71378.jpg,0,0,0,0,0,0,0,0,0,0,0,0,0,0,0,0,0,0,1,0,0,0
00000033_jpg.rf.d6c549c58e728330413049d051951ad7.jpg,0,0,0,1,0,0,0,0,0,0,0,0,0,0,0,0,0,0,0,0,0,0
Holstein_Friesian_46_jpg.rf.5624f26145f2e597323b3c8f1b2a414f.jpg,0,0,0,0,0,0,0,0,0,1,0,0,0,0,0,0,0,0,0,0,0,0
Tharparkar_49_jpg.rf.7517c96ebf4f0f8ec92b42505cc812d0.jpg,0,0,0,0,0,0,0,0,0,0,0,0,0,0,0,0,0,0,0,0,1,0
Ongole_173_jpg.rf.88e574e1ac8993d92d49e0c76d78f73d.jpg,0,0,0,0,0,0,0,0,0,0,0,0,0,0,0,1,0,0,0,0,0,0
Tharparkar_21_jpg.rf.2c8cfb90bf8b32abb02563aaf584cd5f.jpg,0,0,0,0,0,0,0,0,0,0,0,0,0,0,0,0,0,0,0,0,1,0
00000127_jpg.rf.faa4f66c35aea8b45b5439f5ee8922a4.jpg,0,0,0,0,0,0,0,0,0,0,0,0,0,0,0,0,0,1,0,0,0,0
Ayrshire_85_jpg.rf.a29ed84dc605c0f502b80ef63eb7f8e1.jpg,0,0,1,0,0,0,0,0,0,0,0,0,0,0,0,0,0,0,0,0,0,0
Hariana_121_jpg.rf.6b5b1877eee24f43f4126e9f28310105.jpg,0,0,0,0,0,0,0,0,1,0,0,0,0,0,0,0,0,0,0,0,0,0
Jersey_55_jpg.rf.f6f61370190be1a0901d558b9a236d9e.jpg,0,0,0,0,0,0,0,0,0,0,1,0,0,0,0,0,0,0,0,0,0,0
Hallikar_183_jpg.rf.6698b8af379b2a9353ae695abc9e81f2.jpg,0,0,0,0,0,0,0,1,0,0,0,0,0,0,0,0,0,0,0,0,0,0
Holstein_Friesian_46_jpg.rf.f5087ab35d5b255cfa4528fe136d9dd8.jpg,0,0,0,0,0,0,0,0,0,1,0,0,0,0,0,0,0,0,0,0,0,0
Red_Sindhi_57_jpg.rf.6c96c8598f5509e97cd4bac0eaee6007.jpg,0,0,0,0,0,0,0,0,0,0,0,0,0,0,0,0,0,0,1,0,0,0
Guernsey_109_jpg.rf.6974f0107f3c523894874fb991a8e5a6.jpg,0,0,0,0,0,0,1,0,0,0,0,0,0,0,0,0,0,0,0,0,0,0
Tharparkar_173_jpg.rf.df0b45aa6b542379bb0fad6035eb1172.jpg,0,0,0,0,0,0,0,0,0,0,0,0,0,0,0,0,0,0,0,0,1,0
00000046_jpg.rf.ac75cfec9de4524ed1533912503ae5d4.jpg,0,0,0,0,0,0,0,0,0,0,0,0,0,0,0,0,0,0,0,0,0,1
00000046_jpg.rf.9afa7b5531948682ec423046a7a41a34.jpg,0,0,0,0,0,0,0,0,0,0,0,0,0,0,0,0,0,0,0,0,0,1
Gir_215_jpg.rf.bc44db113238b2755a214089ce1473b9.jpg,0,0,0,0,0,1,0,0,0,0,0,0,0,0,0,0,0,0,0,0,0,0
00000176_jpg.rf.b6779904a83d46fb85cab30fc090f4dd.jpg,0,0,0,0,0,0,0,0,0,0,0,0,0,0,0,0,0,1,0,0,0,0
Brown_Swiss_92_jpg.rf.5d78794ca4a3e259da57065cf29fdebc.jpg,0,0,0,0,1,0,0,0,0,0,0,0,0,0,0,0,0,0,0,0,0,0
Sahiwal_321_jpg.rf.79e53df250327fc8002e6c1843aef8b4.jpg,0,0,0,0,0,0,0,0,0,0,0,0,0,0,0,0,0,0,0,1,0,0
Ayrshire_216_jpg.rf.fe4bb29be92fc2e9a33b6a15e8f2ad8e.jpg,0,0,1,0,0,0,0,0,0,0,0,0,0,0,0,0,0,0,0,0,0,0
00000003_jpg.rf.3dde307ae2c351fd3f539e2e13fe23cd.jpg,0,0,0,1,0,0,0,0,0,0,0,0,0,0,0,0,0,0,0,0,0,0
Pulikulam_61_jpg.rf.f3e53d8b49af6e032d3faee4d8fa7733.jpg,0,0,0,0,0,0,0,0,0,0,0,0,0,0,0,0,1,0,0,0,0,0
00000002_jpg.rf.3e67b41c2bdb93bc8ee2507c33d2eb0c.jpg,0,0,0,0,0,0,0,0,0,0,0,0,0,0,0,0,0,1,0,0,0,0
Pulikulam_36_jpg.rf.f785d07913400fa417cd7ffd9a6b21f9.jpg,0,0,0,0,0,0,0,0,0,0,0,0,0,0,0,0,1,0,0,0,0,0
Jersey_162_jpg.rf.0a7577e3af68010de8341d00c60629db.jpg,0,0,0,0,0,0,0,0,0,0,1,0,0,0,0,0,0,0,0,0,0,0
Tharparkar_192_jpg.rf.f062803773287d42b5e076faf60bb43d.jpg,0,0,0,0,0,0,0,0,0,0,0,0,0,0,0,0,0,0,0,0,1,0
Hallikar_85_jpg.rf.1372fe64d847e9fa4cbab710586e2ada.jpg,0,0,0,0,0,0,0,1,0,0,0,0,0,0,0,0,0,0,0,0,0,0
Sahiwal_307_jpg.rf.bae69dacdc150e30b12a70628a27fd1a.jpg,0,0,0,0,0,0,0,0,0,0,0,0,0,0,0,0,0,0,0,1,0,0
Krishna_Valley_57_jpg.rf.2e4dc08f875fd7c58a205f897336041d.jpg,0,0,0,0,0,0,0,0,0,0,0,0,0,1,0,0,0,0,0,0,0,0
Jersey_201_jpg.rf.50727470b6cb35fe08da21e97b36f82e.jpg,0,0,0,0,0,0,0,0,0,0,1,0,0,0,0,0,0,0,0,0,0,0
Holstein_Friesian_7_jpg.rf.ab2b78989c063f0b0934afdb9cbd3389.jpg,0,0,0,0,0,0,0,0,0,1,0,0,0,0,0,0,0,0,0,0,0,0
Red_Sindhi_128_jpg.rf.8930cf204622230629b859a8e6063876.jpg,0,0,0,0,0,0,0,0,0,0,0,0,0,0,0,0,0,0,1,0,0,0
Holstein_Friesian_7_jpg.rf.2e9355e5a1a568ebb50d5a8993ec71c2.jpg,0,0,0,0,0,0,0,0,0,1,0,0,0,0,0,0,0,0,0,0,0,0
Jersey_53_jpg.rf.e1d04e8e0219c61b8f448e925b3a0681.jpg,0,0,0,0,0,0,0,0,0,0,1,0,0,0,0,0,0,0,0,0,0,0
Ayrshire_233_jpg.rf.3575aaabe5691a9ff5bc3d2c3b795f79.jpg,0,0,1,0,0,0,0,0,0,0,0,0,0,0,0,0,0,0,0,0,0,0
Ayrshire_85_jpg.rf.accc47ec08556ac33ee61391c8c1a576.jpg,0,0,1,0,0,0,0,0,0,0,0,0,0,0,0,0,0,0,0,0,0,0
Amritmahal_5_jpg.rf.dfc3d96c10dc22251d07caaa6209d1e6.jpg,0,1,0,0,0,0,0,0,0,0,0,0,0,0,0,0,0,0,0,0,0,0
Tharparkar_55_jpg.rf.7522a1c3433df54ba12044f813d46240.jpg,0,0,0,0,0,0,0,0,0,0,0,0,0,0,0,0,0,0,0,0,1,0
Amritmahal_5_jpg.rf.aca77accc1c8ce0cce09abb9a66af4db.jpg,0,1,0,0,0,0,0,0,0,0,0,0,0,0,0,0,0,0,0,0,0,0
Brown_Swiss_18_jpg.rf.8fb17504ade1347ac32205f55f3e0ee6.jpg,0,0,0,0,1,0,0,0,0,0,0,0,0,0,0,0,0,0,0,0,0,0
Holstein_Friesian_203_jpg.rf.0fad80610fe68f1cb6a5712223ee3e32.jpg,0,0,0,0,0,0,0,0,0,1,0,0,0,0,0,0,0,0,0,0,0,0
Jersey_53_jpg.rf.11a4b94e84c52f39a4cf1016ce98b842.jpg,0,0,0,0,0,0,0,0,0,0,1,0,0,0,0,0,0,0,0,0,0,0
Ongole_51_jpg.rf.276947af3924879148206ac7359da392.jpg,0,0,0,0,0,0,0,0,0,0,0,0,0,0,0,1,0,0,0,0,0,0
Hallikar_85_jpg.rf.643f50d717fd4cd66a87f765f82eccc1.jpg,0,0,0,0,0,0,0,1,0,0,0,0,0,0,0,0,0,0,0,0,0,0
Pulikulam_36_jpg.rf.a78b866a4e185d04bb5cb18074cf378b.jpg,0,0,0,0,0,0,0,0,0,0,0,0,0,0,0,0,1,0,0,0,0,0
Gir_85_jpg.rf.d761e0acb0674714eb4950bea7f83b08.jpg,0,0,0,0,0,1,0,0,0,0,0,0,0,0,0,0,0,0,0,0,0,0
Hallikar_98_jpg.rf.8f5267f90efbbe38f678a844338c3c32.jpg,0,0,0,0,0,0,0,1,0,0,0,0,0,0,0,0,0,0,0,0,0,0
Hallikar_68_png.rf.0d60995d7e07acc03cf2711c48604faf.jpg,0,0,0,0,0,0,0,1,0,0,0,0,0,0,0,0,0,0,0,0,0,0
Holstein_Friesian_310_jpg.rf.c8290a28ce767fa262ea706ac1d7c25f.jpg,0,0,0,0,0,0,0,0,0,1,0,0,0,0,0,0,0,0,0,0,0,0
00000147_jpg.rf.9969ec41fa34be6b80c249b046656e3c.jpg,0,0,0,0,0,0,0,0,0,0,0,0,0,0,0,0,0,1,0,0,0,0
Pulikulam_61_jpg.rf.7bbf2b087bdf92e875782d93d174ea5d.jpg,0,0,0,0,0,0,0,0,0,0,0,0,0,0,0,0,1,0,0,0,0,0
Brown_Swiss_92_jpg.rf.75b51714439ecf0a52b0f69f390e5ece.jpg,0,0,0,0,1,0,0,0,0,0,0,0,0,0,0,0,0,0,0,0,0,0
00000243_jpg.rf.9c7a6f8a4180c65aaf0366558833b778.jpg,0,0,0,0,0,0,0,0,0,0,0,0,0,0,0,0,0,0,0,0,0,1
Tharparkar_89_jpg.rf.1b68349e36eec88dbc3ac9a80fa34a5d.jpg,0,0,0,0,0,0,0,0,0,0,0,0,0,0,0,0,0,0,0,0,1,0
Gir_77_jpg.rf.c25586013d0aa0fbe5e2c3552ec5cc36.jpg,0,0,0,0,0,1,0,0,0,0,0,0,0,0,0,0,0,0,0,0,0,0
Sahiwal_316_jpg.rf.555951a72a695b79dd8c66af2f877c8a.jpg,0,0,0,0,0,0,0,0,0,0,0,0,0,0,0,0,0,0,0,1,0,0
Kankrej_174_jpg.rf.78769ef926fe354298577a7009124ab9.jpg,0,0,0,0,0,0,0,0,0,0,0,0,1,0,0,0,0,0,0,0,0,0
Red_Sindhi_40_jpg.rf.6f93a9255ab13260c0fc033b4e50a884.jpg,0,0,0,0,0,0,0,0,0,0,0,0,0,0,0,0,0,0,1,0,0,0
Hariana_104_png.rf.d5c0606e2f5531503732ffaf09715943.jpg,0,0,0,0,0,0,0,0,1,0,0,0,0,0,0,0,0,0,0,0,0,0
Jersey_55_jpg.rf.2b201dea3ee19dcd5fd6fec1cac06de2.jpg,0,0,0,0,0,0,0,0,0,0,1,0,0,0,0,0,0,0,0,0,0,0
Tharparkar_89_jpg.rf.3e1b37131cd9fc81c4672a15708a5b27.jpg,0,0,0,0,0,0,0,0,0,0,0,0,0,0,0,0,0,0,0,0,1,0
Ayrshire_74_jpg.rf.ec2ac20e41611683fece659ff9228971.jpg,0,0,1,0,0,0,0,0,0,0,0,0,0,0,0,0,0,0,0,0,0,0
Ayrshire_224_jpg.rf.5b04cb1c13d19c1056e362696d1c4da6.jpg,0,0,1,0,0,0,0,0,0,0,0,0,0,0,0,0,0,0,0,0,0,0
Holstein_Friesian_67_jpg.rf.124fb0e057aaf6e5b7596b37ad2530b4.jpg,0,0,0,0,0,0,0,0,0,1,0,0,0,0,0,0,0,0,0,0,0,0
Guernsey_109_jpg.rf.50e3e9d5d2362cd2530757a0cc845c00.jpg,0,0,0,0,0,0,1,0,0,0,0,0,0,0,0,0,0,0,0,0,0,0
Guernsey_73_jpg.rf.e75798d1761981e014142b3c4079fa67.jpg,0,0,0,0,0,0,1,0,0,0,0,0,0,0,0,0,0,0,0,0,0,0
Krishna_Valley_57_jpg.rf.f4853ecadb4bbcc458b3921e2b963a41.jpg,0,0,0,0,0,0,0,0,0,0,0,0,0,1,0,0,0,0,0,0,0,0
Sahiwal_307_jpg.rf.fbd328b11e60ced68f6566a20d4b978f.jpg,0,0,0,0,0,0,0,0,0,0,0,0,0,0,0,0,0,0,0,1,0,0
Hallikar_30_jpg.rf.ba15dac8d8872b4ed99b85f3b8fb87c0.jpg,0,0,0,0,0,0,0,1,0,0,0,0,0,0,0,0,0,0,0,0,0,0
Brown_Swiss_185_jpg.rf.2e2c985af607b069a1e829823ddcd4e6.jpg,0,0,0,0,1,0,0,0,0,0,0,0,0,0,0,0,0,0,0,0,0,0
Kankrej_85_jpg.rf.13a3922dd37d77e3d6cfc2b17383d1da.jpg,0,0,0,0,0,0,0,0,0,0,0,0,1,0,0,0,0,0,0,0,0,0
Gir_77_jpg.rf.bae7c4e549d6d8ada35423684f9e1f8a.jpg,0,0,0,0,0,1,0,0,0,0,0,0,0,0,0,0,0,0,0,0,0,0
Red_Sindhi_40_jpg.rf.e04b9c9a4ec68e92036e34971ad14c2d.jpg,0,0,0,0,0,0,0,0,0,0,0,0,0,0,0,0,0,0,1,0,0,0
00000002_jpg.rf.1ee756fbfe553855d3c9ea3202474cd3.jpg,0,0,0,0,0,0,0,0,0,0,0,0,0,0,0,0,0,1,0,0,0,0
Pulikulam_69_jpg.rf.f90aa7d7ea885a0d582870734c3d3e77.jpg,0,0,0,0,0,0,0,0,0,0,0,0,0,0,0,0,1,0,0,0,0,0
Brown_Swiss_18_jpg.rf.9c9805e70d956d63ae5eaeabc490501f.jpg,0,0,0,0,1,0,0,0,0,0,0,0,0,0,0,0,0,0,0,0,0,0
Hariana_79_jpg.rf.0ae67ad72e587331974b73be6a6cf109.jpg,0,0,0,0,0,0,0,0,1,0,0,0,0,0,0,0,0,0,0,0,0,0
Kangayam_24_jpg.rf.cd9a0efed3c0e4d0e7701e072200fdad.jpg,0,0,0,0,0,0,0,0,0,0,0,1,0,0,0,0,0,0,0,0,0,0
Krishna_Valley_57_jpg.rf.c1ec4ebbd70056f7b83f7a348c1604de.jpg,0,0,0,0,0,0,0,0,0,0,0,0,0,1,0,0,0,0,0,0,0,0
Amritmahal_28_png.rf.c58a309aa2da795341302c8871ee65d8.jpg,0,1,0,0,0,0,0,0,0,0,0,0,0,0,0,0,0,0,0,0,0,0
Alambadi_82_jpg.rf.c66d695707a31a0ba0436508a8e87381.jpg,1,0,0,0,0,0,0,0,0,0,0,0,0,0,0,0,0,0,0,0,0,0
Sahiwal_410_jpeg.rf.7335bd489d12d62edd1f3f3fe20fe1dd.jpg,0,0,0,0,0,0,0,0,0,0,0,0,0,0,0,0,0,0,0,1,0,0
Brown_Swiss_130_jpg.rf.7c1bb51fb0b068f999c608bddccd4623.jpg,0,0,0,0,1,0,0,0,0,0,0,0,0,0,0,0,0,0,0,0,0,0
Ongole_122_png.rf.67fc787b1664240e2ff2bfb0be02b79d.jpg,0,0,0,0,0,0,0,0,0,0,0,0,0,0,0,1,0,0,0,0,0,0
Guernsey_96_jpg.rf.d34d75bf650e94f47c7c20cb3a009845.jpg,0,0,0,0,0,0,1,0,0,0,0,0,0,0,0,0,0,0,0,0,0,0
Amritmahal_2_JPG.rf.1c080f89e587ab9a1c385bd0700c3e43.jpg,0,1,0,0,0,0,0,0,0,0,0,0,0,0,0,0,0,0,0,0,0,0
Ayrshire_74_jpg.rf.0c0e2614e561213b41ed3005dd2b0296.jpg,0,0,1,0,0,0,0,0,0,0,0,0,0,0,0,0,0,0,0,0,0,0
Hallikar_164_jpg.rf.42a6c903c9e6c5ec9bb7459f8367a695.jpg,0,0,0,0,0,0,0,1,0,0,0,0,0,0,0,0,0,0,0,0,0,0
Brown_Swiss_92_jpg.rf.00223e3263cc2b31dae669be5ba74a02.jpg,0,0,0,0,1,0,0,0,0,0,0,0,0,0,0,0,0,0,0,0,0,0
Alambadi_19_jpg.rf.daccd3128cdffc4622c23d76f05ee947.jpg,1,0,0,0,0,0,0,0,0,0,0,0,0,0,0,0,0,0,0,0,0,0
Holstein_Friesian_7_jpg.rf.2f20682016cea3aef0b574de21c63d79.jpg,0,0,0,0,0,0,0,0,0,1,0,0,0,0,0,0,0,0,0,0,0,0
Jersey_55_jpg.rf.53bfc8776ba3227a61eea751feecf4a3.jpg,0,0,0,0,0,0,0,0,0,0,1,0,0,0,0,0,0,0,0,0,0,0
Ayrshire_206_jpg.rf.873f29d955c9079e58f2ab0633c57b1f.jpg,0,0,1,0,0,0,0,0,0,0,0,0,0,0,0,0,0,0,0,0,0,0
Pulikulam_61_jpg.rf.52da6ad4765bdae14a832caabaa980c2.jpg,0,0,0,0,0,0,0,0,0,0,0,0,0,0,0,0,1,0,0,0,0,0
00000295_jpg.rf.0801ab5beec015aa40b87e920264ab7c.jpg,0,0,0,1,0,0,0,0,0,0,0,0,0,0,0,0,0,0,0,0,0,0
00000147_jpg.rf.dab3c890aaac8a883296307d8165c4ac.jpg,0,0,0,0,0,0,0,0,0,0,0,0,0,0,0,0,0,1,0,0,0,0
Krishna_Valley_117_jpg.rf.646ec0504b026317c3fbd7d2f2214e71.jpg,0,0,0,0,0,0,0,0,0,0,0,0,0,1,0,0,0,0,0,0,0,0
Kangayam_59_jpg.rf.d06939c9c7eaed5d93bfcdd4649bef92.jpg,0,0,0,0,0,0,0,0,0,0,0,1,0,0,0,0,0,0,0,0,0,0
Holstein_Friesian_6_jpg.rf.5bb734ef1cb8c0850f06cb2f344180d9.jpg,0,0,0,0,0,0,0,0,0,1,0,0,0,0,0,0,0,0,0,0,0,0
Pulikulam_43_jpg.rf.d1c5774dc776bea283f8640ebc511ad6.jpg,0,0,0,0,0,0,0,0,0,0,0,0,0,0,0,0,1,0,0,0,0,0
Brown_Swiss_79_jpg.rf.f5e27c1b057bd0c60f3c9c25a31778d9.jpg,0,0,0,0,1,0,0,0,0,0,0,0,0,0,0,0,0,0,0,0,0,0
Ayrshire_224_jpg.rf.208802bfb4020666558e8ec6bb8ebb5d.jpg,0,0,1,0,0,0,0,0,0,0,0,0,0,0,0,0,0,0,0,0,0,0
Hallikar_30_jpg.rf.535a7c05e07891ef51013f996543d757.jpg,0,0,0,0,0,0,0,1,0,0,0,0,0,0,0,0,0,0,0,0,0,0
Tharparkar_55_jpg.rf.1bb9d85184e8cb8213260ddf86d2a1dc.jpg,0,0,0,0,0,0,0,0,0,0,0,0,0,0,0,0,0,0,0,0,1,0
Amritmahal_2_JPG.rf.8ef919fb320796973bb7414cb0ab50c2.jpg,0,1,0,0,0,0,0,0,0,0,0,0,0,0,0,0,0,0,0,0,0,0
00000243_jpg.rf.f9f4b1a63bb506d600b937ecd5756748.jpg,0,0,0,0,0,0,0,0,0,0,0,0,0,0,0,0,0,0,0,0,0,1
Jersey_53_jpg.rf.d467b0c31a592934712a223c43120d58.jpg,0,0,0,0,0,0,0,0,0,0,1,0,0,0,0,0,0,0,0,0,0,0
Guernsey_111_jpg.rf.3751ddd3e0d2b95cd7b3978905e5c6d1.jpg,0,0,0,0,0,0,1,0,0,0,0,0,0,0,0,0,0,0,0,0,0,0
Tharparkar_71_jpg.rf.3ef55bac9446d026ae86b94078f2d406.jpg,0,0,0,0,0,0,0,0,0,0,0,0,0,0,0,0,0,0,0,0,1,0
Amritmahal_31_jpg.rf.8f8fc7cafb3f41e815d6268bf2940618.jpg,0,1,0,0,0,0,0,0,0,0,0,0,0,0,0,0,0,0,0,0,0,0
Pulikulam_69_jpg.rf.8bb55f8b424e14362f23719f6f175af2.jpg,0,0,0,0,0,0,0,0,0,0,0,0,0,0,0,0,1,0,0,0,0,0
Tharparkar_55_jpg.rf.82f8fb777304a2c39985924224b382ba.jpg,0,0,0,0,0,0,0,0,0,0,0,0,0,0,0,0,0,0,0,0,1,0
Holstein_Friesian_310_jpg.rf.10c52fabe837756dbd95659d2ce1b604.jpg,0,0,0,0,0,0,0,0,0,1,0,0,0,0,0,0,0,0,0,0,0,0
00000032_jpg.rf.2dfa371b2a70bb5c895fd5c32f367ec8.jpg,0,0,0,1,0,0,0,0,0,0,0,0,0,0,0,0,0,0,0,0,0,0
Hariana_80_jpg.rf.7174b4d898def58970c009c4940f76ff.jpg,0,0,0,0,0,0,0,0,1,0,0,0,0,0,0,0,0,0,0,0,0,0
Ayrshire_85_jpg.rf.0c2a7401e9a9bd4086e10f42a7439212.jpg,0,0,1,0,0,0,0,0,0,0,0,0,0,0,0,0,0,0,0,0,0,0
Kankrej_174_jpg.rf.fdf5e8e1ba511045d9180a5a38a8f744.jpg,0,0,0,0,0,0,0,0,0,0,0,0,1,0,0,0,0,0,0,0,0,0
Hallikar_183_jpg.rf.0819939eb4aee9efcc7fd7ab75dbc586.jpg,0,0,0,0,0,0,0,1,0,0,0,0,0,0,0,0,0,0,0,0,0,0
Jersey_45_jpg.rf.c8665e60cdd5e9735e66d1fd03c81524.jpg,0,0,0,0,0,0,0,0,0,0,1,0,0,0,0,0,0,0,0,0,0,0
Tharparkar_21_jpg.rf.c2a4f771856789676bb60a31c7941e0f.jpg,0,0,0,0,0,0,0,0,0,0,0,0,0,0,0,0,0,0,0,0,1,0
00000176_jpg.rf.51bc732374f5176fa9ea7759d0b8645c.jpg,0,0,0,0,0,0,0,0,0,0,0,0,0,0,0,0,0,1,0,0,0,0
Kangayam_27_jpg.rf.5c784ee335fef1236dcfbc2fac1263c7.jpg,0,0,0,0,0,0,0,0,0,0,0,1,0,0,0,0,0,0,0,0,0,0
Hariana_79_jpg.rf.b17029a89b1e18638c73ba53ea1fd5c3.jpg,0,0,0,0,0,0,0,0,1,0,0,0,0,0,0,0,0,0,0,0,0,0
Red_Sindhi_68_jpg.rf.d207c2c62fd44a68b5c891453b5e6728.jpg,0,0,0,0,0,0,0,0,0,0,0,0,0,0,0,0,0,0,1,0,0,0
Guernsey_96_jpg.rf.780f5b489b50cf19fe3de39e5d45b8b9.jpg,0,0,0,0,0,0,1,0,0,0,0,0,0,0,0,0,0,0,0,0,0,0
Hallikar_98_jpg.rf.d100efd45cd2c3544c621619f47eb8b0.jpg,0,0,0,0,0,0,0,1,0,0,0,0,0,0,0,0,0,0,0,0,0,0
Hariana_45_jpg.rf.9af84c386a473748eb6a253d1e18de9b.jpg,0,0,0,0,0,0,0,0,1,0,0,0,0,0,0,0,0,0,0,0,0,0
00000295_jpg.rf.0f129f6f8adbb5f07b3bd6152ce1c55f.jpg,0,0,0,1,0,0,0,0,0,0,0,0,0,0,0,0,0,0,0,0,0,0
Jersey_201_jpg.rf.1a8952f345ce346bf6c6ec231d84f540.jpg,0,0,0,0,0,0,0,0,0,0,1,0,0,0,0,0,0,0,0,0,0,0
00000064_jpg.rf.0a427ff4b0895eb5f573fafbc9ff4c6a.jpg,0,0,0,0,0,0,0,0,0,0,0,0,0,0,0,0,0,0,0,0,0,1
Holstein_Friesian_67_jpg.rf.5ffa58448bb3f4b807e3c7b96ac2aa13.jpg,0,0,0,0,0,0,0,0,0,1,0,0,0,0,0,0,0,0,0,0,0,0
Pulikulam_106_png.rf.dbc40904d67a642213b648d0ddfe2d57.jpg,0,0,0,0,0,0,0,0,0,0,0,0,0,0,0,0,1,0,0,0,0,0
00000147_jpg.rf.c5ad8acb2b4887092e75ad2d7c87990c.jpg,0,0,0,0,0,0,0,0,0,0,0,0,0,0,0,0,0,1,0,0,0,0
00000032_jpg.rf.e3be95d0f7f247acd3d2b9cde10d154f.jpg,0,0,0,1,0,0,0,0,0,0,0,0,0,0,0,0,0,0,0,0,0,0
Holstein_Friesian_99_jpg.rf.3b51114a2a8f2a9fd8f23cab4018679a.jpg,0,0,0,0,0,0,0,0,0,1,0,0,0,0,0,0,0,0,0,0,0,0
00000108_jpg.rf.0e07f01bdec0479ae09c8a2a0f84e094.jpg,0,0,0,0,0,0,0,0,0,0,0,0,0,0,1,0,0,0,0,0,0,0
Guernsey_67_jpg.rf.7193c5f6b17858326a01bbf0e1061598.jpg,0,0,0,0,0,0,1,0,0,0,0,0,0,0,0,0,0,0,0,0,0,0
Holstein_Friesian_310_jpg.rf.8fed0e5a51097eeafcd2bb223b2c715f.jpg,0,0,0,0,0,0,0,0,0,1,0,0,0,0,0,0,0,0,0,0,0,0
Ayrshire_224_jpg.rf.9b3d9d7ea83fa77c22d2c215b02feb93.jpg,0,0,1,0,0,0,0,0,0,0,0,0,0,0,0,0,0,0,0,0,0,0
Guernsey_111_jpg.rf.a4be3a3c2a0c2f740af5880023e68bcf.jpg,0,0,0,0,0,0,1,0,0,0,0,0,0,0,0,0,0,0,0,0,0,0
00000344_jpg.rf.a9de4ed418708722b9d2acc9b757e4c6.jpg,0,0,0,0,0,0,0,0,0,0,0,0,0,0,0,0,0,1,0,0,0,0
Tharparkar_89_jpg.rf.27eca6599c5b25fc0e253c1ac489ade4.jpg,0,0,0,0,0,0,0,0,0,0,0,0,0,0,0,0,0,0,0,0,1,0
Alambadi_82_jpg.rf.cab7c5c87ff218d3678e57c23b761f1d.jpg,1,0,0,0,0,0,0,0,0,0,0,0,0,0,0,0,0,0,0,0,0,0
Alambadi_19_jpg.rf.a035fc340d3ef452d2628204b15e6735.jpg,1,0,0,0,0,0,0,0,0,0,0,0,0,0,0,0,0,0,0,0,0,0
Pulikulam_106_png.rf.6c00027ace73ba6156b4577685fa1e47.jpg,0,0,0,0,0,0,0,0,0,0,0,0,0,0,0,0,1,0,0,0,0,0
Red_Sindhi_55_jpg.rf.c7a9ff7603308e96fcb81cbdc31069dc.jpg,0,0,0,0,0,0,0,0,0,0,0,0,0,0,0,0,0,0,1,0,0,0
Jersey_1_jpg.rf.e0de2de5d417dc8f34013658fd5f83b0.jpg,0,0,0,0,0,0,0,0,0,0,1,0,0,0,0,0,0,0,0,0,0,0
Gir_80_jpg.rf.c7d978b3692d88119d46affdadfdf195.jpg,0,0,0,0,0,1,0,0,0,0,0,0,0,0,0,0,0,0,0,0,0,0
00000100_jpg.rf.907871c425bd7be28303775e5e808ba0.jpg,0,0,0,1,0,0,0,0,0,0,0,0,0,0,0,0,0,0,0,0,0,0
Ongole_173_jpg.rf.387307c73a0e9ae7918ec953b9f9d4e0.jpg,0,0,0,0,0,0,0,0,0,0,0,0,0,0,0,1,0,0,0,0,0,0
Jersey_1_jpg.rf.68987920bccf7e0971fe380f6aa5bab9.jpg,0,0,0,0,0,0,0,0,0,0,1,0,0,0,0,0,0,0,0,0,0,0
Ongole_172_png.rf.89cae844ecdabaa5ca230f6b28717bd0.jpg,0,0,0,0,0,0,0,0,0,0,0,0,0,0,0,1,0,0,0,0,0,0
Ongole_172_png.rf.015a5a6acd8b68b866dd7c20fb78741b.jpg,0,0,0,0,0,0,0,0,0,0,0,0,0,0,0,1,0,0,0,0,0,0
00000006_jpg.rf.6ee563506a77c643273e30acc24fb8b1.jpg,0,0,0,1,0,0,0,0,0,0,0,0,0,0,0,0,0,0,0,0,0,0
Red_Sindhi_81_jpg.rf.da7bbd7cf1d3408b77d7082f1a34e6fd.jpg,0,0,0,0,0,0,0,0,0,0,0,0,0,0,0,0,0,0,1,0,0,0
Jersey_201_jpg.rf.aeed0fd38e4869f51798f2c2e47b623a.jpg,0,0,0,0,0,0,0,0,0,0,1,0,0,0,0,0,0,0,0,0,0,0
Red_Sindhi_65_png.rf.fe69e5bf480e0d1a1f949a51c956697b.jpg,0,0,0,0,0,0,0,0,0,0,0,0,0,0,0,0,0,0,1,0,0,0
Ayrshire_209_jpg.rf.59798fd6da247e9d8aca9eb11303624d.jpg,0,0,1,0,0,0,0,0,0,0,0,0,0,0,0,0,0,0,0,0,0,0
Gir_297_jpg.rf.b93087967445786b06318f8f67a52f14.jpg,0,0,0,0,0,1,0,0,0,0,0,0,0,0,0,0,0,0,0,0,0,0
Sahiwal_429_jpeg.rf.e796635615b4ab8cd91d14830b2b0bda.jpg,0,0,0,0,0,0,0,0,0,0,0,0,0,0,0,0,0,0,0,1,0,0
Hallikar_79_png.rf.bc6f275b388f42e9f070cbf2b3db9eb1.jpg,0,0,0,0,0,0,0,1,0,0,0,0,0,0,0,0,0,0,0,0,0,0
Ayrshire_209_jpg.rf.888008cb2e53985ab7730c6342c34a2c.jpg,0,0,1,0,0,0,0,0,0,0,0,0,0,0,0,0,0,0,0,0,0,0
Hallikar_85_jpg.rf.947a44a8271b01a7cc1a761d5836724d.jpg,0,0,0,0,0,0,0,1,0,0,0,0,0,0,0,0,0,0,0,0,0,0
Gir_77_jpg.rf.0327a43ec761cbe649acab0ca3db2d96.jpg,0,0,0,0,0,1,0,0,0,0,0,0,0,0,0,0,0,0,0,0,0,0
Amritmahal_31_jpg.rf.e1a5f1e2a8dbec6f5bc36c3053277c88.jpg,0,1,0,0,0,0,0,0,0,0,0,0,0,0,0,0,0,0,0,0,0,0
Pulikulam_43_jpg.rf.a33fbe45333093f01e5738655cda05c8.jpg,0,0,0,0,0,0,0,0,0,0,0,0,0,0,0,0,1,0,0,0,0,0
Kangayam_24_jpg.rf.94c23e02d5eace19daa3c335e877b98b.jpg,0,0,0,0,0,0,0,0,0,0,0,1,0,0,0,0,0,0,0,0,0,0
Kangayam_59_jpg.rf.8aa8b6d86a89553bda0b4fb0bb7f75aa.jpg,0,0,0,0,0,0,0,0,0,0,0,1,0,0,0,0,0,0,0,0,0,0
Brown_Swiss_185_jpg.rf.72347f7b95b25610b2cf8f87f10a801c.jpg,0,0,0,0,1,0,0,0,0,0,0,0,0,0,0,0,0,0,0,0,0,0
Brown_Swiss_130_jpg.rf.1c450050d16450520b4a5c4c653e404e.jpg,0,0,0,0,1,0,0,0,0,0,0,0,0,0,0,0,0,0,0,0,0,0
00000033_jpg.rf.1080108ff1af7a455234d66b484805f0.jpg,0,0,0,1,0,0,0,0,0,0,0,0,0,0,0,0,0,0,0,0,0,0
Krishna_Valley_10_jpg.rf.b81618817e7b2ec12994c94d74700736.jpg,0,0,0,0,0,0,0,0,0,0,0,0,0,1,0,0,0,0,0,0,0,0
Tharparkar_173_jpg.rf.9d33bcebfa4154de7a29747956b93239.jpg,0,0,0,0,0,0,0,0,0,0,0,0,0,0,0,0,0,0,0,0,1,0
Kangayam_27_jpg.rf.62f338bedc5d9d34fe7723b1550001d0.jpg,0,0,0,0,0,0,0,0,0,0,0,1,0,0,0,0,0,0,0,0,0,0
Alambadi_82_jpg.rf.3ec1da2795616cb02760da3f71d835a8.jpg,1,0,0,0,0,0,0,0,0,0,0,0,0,0,0,0,0,0,0,0,0,0
Gir_297_jpg.rf.143c75899e87ae5d80059705b8a9d10c.jpg,0,0,0,0,0,1,0,0,0,0,0,0,0,0,0,0,0,0,0,0,0,0
Hallikar_164_jpg.rf.30807a67507abf1e493799d765546985.jpg,0,0,0,0,0,0,0,1,0,0,0,0,0,0,0,0,0,0,0,0,0,0
Sahiwal_320_jpg.rf.5d48e2fe2f13b0be7f6df3ec5c1dbfb3.jpg,0,0,0,0,0,0,0,0,0,0,0,0,0,0,0,0,0,0,0,1,0,0
Pulikulam_8_jpg.rf.afc95db7b4e4acc2cfe8e78f36e0d766.jpg,0,0,0,0,0,0,0,0,0,0,0,0,0,0,0,0,1,0,0,0,0,0
Holstein_Friesian_67_jpg.rf.0c07c6178c3376c21f71213a309e3276.jpg,0,0,0,0,0,0,0,0,0,1,0,0,0,0,0,0,0,0,0,0,0,0
Gir_97_jpeg.rf.dfc394bb476069fe61863dca319865ef.jpg,0,0,0,0,0,1,0,0,0,0,0,0,0,0,0,0,0,0,0,0,0,0
Kangayam_27_jpg.rf.a2c04ef1e58bd11c9b5e55abe9d6ac1c.jpg,0,0,0,0,0,0,0,0,0,0,0,1,0,0,0,0,0,0,0,0,0,0
Jersey_162_jpg.rf.9123218dd193dddaff4396cb7124a9d5.jpg,0,0,0,0,0,0,0,0,0,0,1,0,0,0,0,0,0,0,0,0,0,0
Red_Sindhi_81_jpg.rf.3dc148cd75459046a09bdbc5d6a5d611.jpg,0,0,0,0,0,0,0,0,0,0,0,0,0,0,0,0,0,0,1,0,0,0
Ongole_161_jpg.rf.5a430167aaa9720a60460571d447c01a.jpg,0,0,0,0,0,0,0,0,0,0,0,0,0,0,0,1,0,0,0,0,0,0
Holstein_Friesian_36_jpg.rf.650720e3b6a529b4c550bb84f1b1053c.jpg,0,0,0,0,0,0,0,0,0,1,0,0,0,0,0,0,0,0,0,0,0,0
Hallikar_79_png.rf.bd16cb98d870f731eca5116eee4fa8da.jpg,0,0,0,0,0,0,0,1,0,0,0,0,0,0,0,0,0,0,0,0,0,0
Ongole_183_jpg.rf.8dc4e973886b53147ba80db680cafeac.jpg,0,0,0,0,0,0,0,0,0,0,0,0,0,0,0,1,0,0,0,0,0,0
Ayrshire_233_jpg.rf.fbb24c6ae9c723cfff7fcdda19bb1d39.jpg,0,0,1,0,0,0,0,0,0,0,0,0,0,0,0,0,0,0,0,0,0,0
Hallikar_165_jpeg.rf.4d5838f0b2ff45ad8dbff46ba70e11d1.jpg,0,0,0,0,0,0,0,1,0,0,0,0,0,0,0,0,0,0,0,0,0,0
Kankrej_98_jpg.rf.2bf914102ee7fdd3146878c134f96293.jpg,0,0,0,0,0,0,0,0,0,0,0,0,1,0,0,0,0,0,0,0,0,0
Hallikar_165_jpeg.rf.8dc783f5ad962433639132a898f35fba.jpg,0,0,0,0,0,0,0,1,0,0,0,0,0,0,0,0,0,0,0,0,0,0
Ongole_123_jpg.rf.bf69357a5b6188fe058d67412b64e4bc.jpg,0,0,0,0,0,0,0,0,0,0,0,0,0,0,0,1,0,0,0,0,0,0
Pulikulam_8_jpg.rf.be9a915f1113be9ee2ff72582123ea65.jpg,0,0,0,0,0,0,0,0,0,0,0,0,0,0,0,0,1,0,0,0,0,0
Hariana_29_jpg.rf.24e3926b14f072e387b3b8bdbdc709e8.jpg,0,0,0,0,0,0,0,0,1,0,0,0,0,0,0,0,0,0,0,0,0,0
Sahiwal_29_jpg.rf.be4d7e871515e62058e97d83c1405363.jpg,0,0,0,0,0,0,0,0,0,0,0,0,0,0,0,0,0,0,0,1,0,0
Krishna_Valley_84_jpg.rf.757098ab1baa6c6ed6b9466da8bf9e51.jpg,0,0,0,0,0,0,0,0,0,0,0,0,0,1,0,0,0,0,0,0,0,0
Ongole_183_jpg.rf.51f3b19faf4ee962f4bd73a933378ae3.jpg,0,0,0,0,0,0,0,0,0,0,0,0,0,0,0,1,0,0,0,0,0,0
Pulikulam_8_jpg.rf.01d0bcd728792fbdeedbf4b3917fa4de.jpg,0,0,0,0,0,0,0,0,0,0,0,0,0,0,0,0,1,0,0,0,0,0
Krishna_Valley_9_jpg.rf.e44b0b9a0e3332ccb63850224284366a.jpg,0,0,0,0,0,0,0,0,0,0,0,0,0,1,0,0,0,0,0,0,0,0
Kankrej_165_jpg.rf.b9c872af7ae0d4b737a32faa8cb4aa52.jpg,0,0,0,0,0,0,0,0,0,0,0,0,1,0,0,0,0,0,0,0,0,0
Gir_177_jpg.rf.dc9a08d8aaad420eec7e63c751b18576.jpg,0,0,0,0,0,1,0,0,0,0,0,0,0,0,0,0,0,0,0,0,0,0
Holstein_Friesian_270_jpg.rf.5dde144c070d922792442384e86c2fe6.jpg,0,0,0,0,0,0,0,0,0,1,0,0,0,0,0,0,0,0,0,0,0,0
Sahiwal_421_jpg.rf.c57d643dcfa7561d6df5c0cd9e4e3b7e.jpg,0,0,0,0,0,0,0,0,0,0,0,0,0,0,0,0,0,0,0,1,0,0
Ongole_27_jpg.rf.8b964596261b272beaa26bdc4f773e11.jpg,0,0,0,0,0,0,0,0,0,0,0,0,0,0,0,1,0,0,0,0,0,0
Pulikulam_94_jpg.rf.21310333086d542c3d3bfdf4203dd440.jpg,0,0,0,0,0,0,0,0,0,0,0,0,0,0,0,0,1,0,0,0,0,0
00000053_JPG.rf.f514ea6eeb99781482d3c8e2ba34f4ac.jpg,0,0,0,1,0,0,0,0,0,0,0,0,0,0,0,0,0,0,0,0,0,0
Kangayam_24_jpg.rf.605cd687994968f2abfaed33f1c85b7b.jpg,0,0,0,0,0,0,0,0,0,0,0,1,0,0,0,0,0,0,0,0,0,0
Brown_Swiss_78_jpg.rf.47568712702c98f4d066bc1e89d2a201.jpg,0,0,0,0,1,0,0,0,0,0,0,0,0,0,0,0,0,0,0,0,0,0
Krishna_Valley_9_jpg.rf.d72efba28ee09ae91499407a2212518a.jpg,0,0,0,0,0,0,0,0,0,0,0,0,0,1,0,0,0,0,0,0,0,0
Tharparkar_73_jpg.rf.63a479f787b4e70fbdafa7cddb60b878.jpg,0,0,0,0,0,0,0,0,0,0,0,0,0,0,0,0,0,0,0,0,1,0
00000100_jpg.rf.49ea2140baaf318d79d2a1454d02a9e5.jpg,0,0,0,1,0,0,0,0,0,0,0,0,0,0,0,0,0,0,0,0,0,0
Red_Sindhi_68_jpg.rf.28a2b71db75751a4431c74a7be8305a7.jpg,0,0,0,0,0,0,0,0,0,0,0,0,0,0,0,0,0,0,1,0,0,0
Brown_Swiss_18_jpg.rf.aa798670abc27226ae7ee15f03035201.jpg,0,0,0,0,1,0,0,0,0,0,0,0,0,0,0,0,0,0,0,0,0,0
Krishna_Valley_9_jpg.rf.0a43cf307fbd191d107009d2f2066f6b.jpg,0,0,0,0,0,0,0,0,0,0,0,0,0,1,0,0,0,0,0,0,0,0
Alambadi_9_png.rf.3a3afa2545f2b8c77fed1fad4456d48c.jpg,1,0,0,0,0,0,0,0,0,0,0,0,0,0,0,0,0,0,0,0,0,0
00000087_jpg.rf.16ffcdc866a6a1902851684827abda7a.jpg,0,0,0,0,0,0,0,0,0,0,0,0,0,0,1,0,0,0,0,0,0,0
Gir_83_jpg.rf.080b32c708118ba49b9e7da42922bfa3.jpg,0,0,0,0,0,1,0,0,0,0,0,0,0,0,0,0,0,0,0,0,0,0
Jersey_59_jpg.rf.8c48aae0093980b3170567ecba0cb3d8.jpg,0,0,0,0,0,0,0,0,0,0,1,0,0,0,0,0,0,0,0,0,0,0
Holstein_Friesian_95_jpg.rf.a791d5a9b8e8d4afbb5c89e2b5097853.jpg,0,0,0,0,0,0,0,0,0,1,0,0,0,0,0,0,0,0,0,0,0,0
Jersey_194_jpg.rf.afa79e36c0834f25ed9d43d6bf971618.jpg,0,0,0,0,0,0,0,0,0,0,1,0,0,0,0,0,0,0,0,0,0,0
00000020_jpg.rf.1bc0d4dff191fd9cb1b9edfff772c0b8.jpg,0,0,0,0,0,0,0,0,0,0,0,0,0,0,1,0,0,0,0,0,0,0
Hariana_96_jpg.rf.b914eaed147c72f242886fb74105a040.jpg,0,0,0,0,0,0,0,0,1,0,0,0,0,0,0,0,0,0,0,0,0,0
Pulikulam_94_jpg.rf.fa45fe1db3adb85c2842f58b0f7886de.jpg,0,0,0,0,0,0,0,0,0,0,0,0,0,0,0,0,1,0,0,0,0,0
Amritmahal_83_jpg.rf.e914ce5f669cd8816c9bb5d9967585fb.jpg,0,1,0,0,0,0,0,0,0,0,0,0,0,0,0,0,0,0,0,0,0,0
Gir_210_jpg.rf.eb4b3ed1ae5b947af1c8d26dfdea66ac.jpg,0,0,0,0,0,1,0,0,0,0,0,0,0,0,0,0,0,0,0,0,0,0
Alambadi_44_png.rf.876a5f59efe51b4db3d801477f3477f5.jpg,1,0,0,0,0,0,0,0,0,0,0,0,0,0,0,0,0,0,0,0,0,0
Ongole_27_jpg.rf.646f9ae94ff43b4233d640ffe98a361e.jpg,0,0,0,0,0,0,0,0,0,0,0,0,0,0,0,1,0,0,0,0,0,0
Kankrej_92_jpg.rf.e6a9c7d20c3db5491cb4d57e12e3795e.jpg,0,0,0,0,0,0,0,0,0,0,0,0,1,0,0,0,0,0,0,0,0,0
Holstein_Friesian_99_jpg.rf.c3f9179b4e4eeab8f5615743787b5b0c.jpg,0,0,0,0,0,0,0,0,0,1,0,0,0,0,0,0,0,0,0,0,0,0
Amritmahal_43_png.rf.e19366d8770a07e6d014811d7953d7ea.jpg,0,1,0,0,0,0,0,0,0,0,0,0,0,0,0,0,0,0,0,0,0,0
Holstein_Friesian_95_jpg.rf.324f5897be3910bf416def6b5e161ad1.jpg,0,0,0,0,0,0,0,0,0,1,0,0,0,0,0,0,0,0,0,0,0,0
Tharparkar_73_jpg.rf.42226eb38207e6fc2792661e7fdc3cd0.jpg,0,0,0,0,0,0,0,0,0,0,0,0,0,0,0,0,0,0,0,0,1,0
Kankrej_73_jpg.rf.e87d16ed438b67e3df6ee1b89cda711a.jpg,0,0,0,0,0,0,0,0,0,0,0,0,1,0,0,0,0,0,0,0,0,0
00000243_jpg.rf.40f7b21b3f35904c981f975b115b9aac.jpg,0,0,0,0,0,0,0,0,0,0,0,0,0,0,0,0,0,0,0,0,0,1
Hallikar_30_jpg.rf.61b501b3f2b8173f77f0819575fc9c11.jpg,0,0,0,0,0,0,0,1,0,0,0,0,0,0,0,0,0,0,0,0,0,0
00000046_jpg.rf.8b9711786727ab117cce29fdce6adf54.jpg,0,0,0,0,0,0,0,0,0,0,0,0,0,0,1,0,0,0,0,0,0,0
Amritmahal_19_png.rf.6aadc1572369021c649474ec25d834b9.jpg,0,1,0,0,0,0,0,0,0,0,0,0,0,0,0,0,0,0,0,0,0,0
Ayrshire_81_jpg.rf.e7c6c00c47c44b08eb5f3252b0406522.jpg,0,0,1,0,0,0,0,0,0,0,0,0,0,0,0,0,0,0,0,0,0,0
Amritmahal_83_jpg.rf.a897b1e997178b7089e455c562f3153c.jpg,0,1,0,0,0,0,0,0,0,0,0,0,0,0,0,0,0,0,0,0,0,0
Guernsey_73_jpg.rf.ff2bf37e126b11febc907740d26f88d4.jpg,0,0,0,0,0,0,1,0,0,0,0,0,0,0,0,0,0,0,0,0,0,0
Brown_Swiss_71_jpg.rf.ffe56ff9a98faa6193fea8d9ed4cc7f2.jpg,0,0,0,0,1,0,0,0,0,0,0,0,0,0,0,0,0,0,0,0,0,0
Hallikar_68_png.rf.85308ffa55306d1e8c5984659d72472e.jpg,0,0,0,0,0,0,0,1,0,0,0,0,0,0,0,0,0,0,0,0,0,0
Amritmahal_65_png.rf.c37c3d558877b2cad5f3ef3f8f387850.jpg,0,1,0,0,0,0,0,0,0,0,0,0,0,0,0,0,0,0,0,0,0,0
Jersey_59_jpg.rf.db0d17011dcb97e4ac16fd63bbd21154.jpg,0,0,0,0,0,0,0,0,0,0,1,0,0,0,0,0,0,0,0,0,0,0
00000087_jpg.rf.a400efdfe322f20df2a75415ed636aef.jpg,0,0,0,0,0,0,0,0,0,0,0,0,0,0,1,0,0,0,0,0,0,0
Sahiwal_29_jpg.rf.6434efdaf189d79c7fc58b217f6f4b72.jpg,0,0,0,0,0,0,0,0,0,0,0,0,0,0,0,0,0,0,0,1,0,0
Kankrej_92_jpg.rf.9862f2a4387b8cad7d9dea6c2766a9b2.jpg,0,0,0,0,0,0,0,0,0,0,0,0,1,0,0,0,0,0,0,0,0,0
Hariana_91_png.rf.a0e2c254c7cd7bec45b4ee7afbc16738.jpg,0,0,0,0,0,0,0,0,1,0,0,0,0,0,0,0,0,0,0,0,0,0
Gir_177_jpg.rf.6e81043e12a2261b3168e52560a071ec.jpg,0,0,0,0,0,1,0,0,0,0,0,0,0,0,0,0,0,0,0,0,0,0
Red_Sindhi_95_jpg.rf.cab4737207dfc8b284ed259b2652d174.jpg,0,0,0,0,0,0,0,0,0,0,0,0,0,0,0,0,0,0,1,0,0,0
00000032_jpg.rf.3d5edca8cd86b716bb1cd627a46cffb6.jpg,0,0,0,1,0,0,0,0,0,0,0,0,0,0,0,0,0,0,0,0,0,0
Kankrej_79_jpg.rf.0c060a0d5aac327b60f0a356ef0fe984.jpg,0,0,0,0,0,0,0,0,0,0,0,0,1,0,0,0,0,0,0,0,0,0
Amritmahal_19_png.rf.b5e47f6b17017a1f9494267e3c118a8e.jpg,0,1,0,0,0,0,0,0,0,0,0,0,0,0,0,0,0,0,0,0,0,0
Amritmahal_5_jpg.rf.24f04731e0ae57027a2b87e84511cb0d.jpg,0,1,0,0,0,0,0,0,0,0,0,0,0,0,0,0,0,0,0,0,0,0
Ongole_158_jpg.rf.1ff3e01bfe8b0b3df7340d0251f6810a.jpg,0,0,0,0,0,0,0,0,0,0,0,0,0,0,0,1,0,0,0,0,0,0
Alambadi_96_jpg.rf.564ac6f69888a881897ecd44c0d48302.jpg,1,0,0,0,0,0,0,0,0,0,0,0,0,0,0,0,0,0,0,0,0,0
00000094_jpg.rf.ce1813bb83a9a0e0b4bf5f8bddd4b100.jpg,0,0,0,1,0,0,0,0,0,0,0,0,0,0,0,0,0,0,0,0,0,0
Gir_85_jpg.rf.44abbb5aa84d6ea7e15b1e695dc508c7.jpg,0,0,0,0,0,1,0,0,0,0,0,0,0,0,0,0,0,0,0,0,0,0
Gir_96_jpg.rf.3bd8923cc05307a95be06e93fc498ec7.jpg,0,0,0,0,0,1,0,0,0,0,0,0,0,0,0,0,0,0,0,0,0,0
Gir_177_jpg.rf.175ad6154f2de17b461cfd8d3799c7e3.jpg,0,0,0,0,0,1,0,0,0,0,0,0,0,0,0,0,0,0,0,0,0,0
Red_Sindhi_56_jpg.rf.0e0b320edbcd647a48831a0fc496e3b1.jpg,0,0,0,0,0,0,0,0,0,0,0,0,0,0,0,0,0,0,1,0,0,0
Sahiwal_410_jpeg.rf.4d823031fa3c872f1e8356fba45c8dcb.jpg,0,0,0,0,0,0,0,0,0,0,0,0,0,0,0,0,0,0,0,1,0,0
Hallikar_98_jpg.rf.b04a65d4f0906cc79843c7a60e5b805b.jpg,0,0,0,0,0,0,0,1,0,0,0,0,0,0,0,0,0,0,0,0,0,0
Kangayam_97_jpg.rf.64c2ed34b8647ba8454d6c42ee0c4bc2.jpg,0,0,0,0,0,0,0,0,0,0,0,1,0,0,0,0,0,0,0,0,0,0
Holstein_Friesian_270_jpg.rf.778bb52fbfcca36a090e546a06ebce6e.jpg,0,0,0,0,0,0,0,0,0,1,0,0,0,0,0,0,0,0,0,0,0,0
Ongole_51_jpg.rf.a3d99e85a924c98c9f75f8a20ec0a0ca.jpg,0,0,0,0,0,0,0,0,0,0,0,0,0,0,0,1,0,0,0,0,0,0
Krishna_Valley_76_jpg.rf.191f4644981196ab33beaca34fab1686.jpg,0,0,0,0,0,0,0,0,0,0,0,0,0,1,0,0,0,0,0,0,0,0
Tharparkar_73_jpg.rf.d029467e692852e822b4f4cfcb61c9e7.jpg,0,0,0,0,0,0,0,0,0,0,0,0,0,0,0,0,0,0,0,0,1,0
Amritmahal_83_jpg.rf.e57bf73538cdbdfd5d69a2bee4d962d7.jpg,0,1,0,0,0,0,0,0,0,0,0,0,0,0,0,0,0,0,0,0,0,0
Gir_96_jpg.rf.5fe0e2c79d61c55967f7fbdd19e3da6a.jpg,0,0,0,0,0,1,0,0,0,0,0,0,0,0,0,0,0,0,0,0,0,0
00000087_jpg.rf.7fd82caadc0248c9d927ac873a0af2d9.jpg,0,0,0,0,0,0,0,0,0,0,0,0,0,0,1,0,0,0,0,0,0,0
Jersey_8_jpg.rf.da011943fba68b4a565532d1241d7c50.jpg,0,0,0,0,0,0,0,0,0,0,1,0,0,0,0,0,0,0,0,0,0,0
Hallikar_79_png.rf.793ac0657aea78a34a3a7ffabf5b1a7c.jpg,0,0,0,0,0,0,0,1,0,0,0,0,0,0,0,0,0,0,0,0,0,0
Sahiwal_344_png.rf.b606e0c08c937ea65575b5456b9f424e.jpg,0,0,0,0,0,0,0,0,0,0,0,0,0,0,0,0,0,0,0,1,0,0
00000200_jpg.rf.2a3fae4a09dd549ea279bddf5d480bc8.jpg,0,0,0,0,0,0,0,0,0,0,0,0,0,0,0,0,0,1,0,0,0,0
Screenshot-1061-_png.rf.c3dd6398248e6c21265a26c7c32372b0.jpg,0,0,0,0,0,0,0,0,0,0,0,0,0,0,1,0,0,0,0,0,0,0
Gir_261_jpg.rf.1aa387e69444e5383b9960de43880187.jpg,0,0,0,0,0,1,0,0,0,0,0,0,0,0,0,0,0,0,0,0,0,0
Kankrej_73_jpg.rf.aea9bc16b32670bef5d8001773cfce8b.jpg,0,0,0,0,0,0,0,0,0,0,0,0,1,0,0,0,0,0,0,0,0,0
Red_Sindhi_6_JPG.rf.70142f0aa17b65c9fd4ac1e83ee9bcf8.jpg,0,0,0,0,0,0,0,0,0,0,0,0,0,0,0,0,0,0,1,0,0,0
Brown_Swiss_71_jpg.rf.6014ed3e0c85cd545231f055425ca74a.jpg,0,0,0,0,1,0,0,0,0,0,0,0,0,0,0,0,0,0,0,0,0,0
Kangayam_92_jpg.rf.1f3ad75b3e5c13aaf8cd44984f8ccfe3.jpg,0,0,0,0,0,0,0,0,0,0,0,1,0,0,0,0,0,0,0,0,0,0
Kangayam_58_jpg.rf.3913396e9495c62dcf5e4c74249408a6.jpg,0,0,0,0,0,0,0,0,0,0,0,1,0,0,0,0,0,0,0,0,0,0
Krishna_Valley_39_jpg.rf.1cd8c81c9aadb6e4e4242a4ea8e56ffa.jpg,0,0,0,0,0,0,0,0,0,0,0,0,0,1,0,0,0,0,0,0,0,0
Gir_80_jpg.rf.d522e82765fdfb10cf7bdff7fe62a7bf.jpg,0,0,0,0,0,1,0,0,0,0,0,0,0,0,0,0,0,0,0,0,0,0
Hariana_58_jpg.rf.fa75466c17fd909a365c16cd4325c1a3.jpg,0,0,0,0,0,0,0,0,1,0,0,0,0,0,0,0,0,0,0,0,0,0
Tharparkar_71_jpg.rf.31095322d532c3310b9b06f14494102d.jpg,0,0,0,0,0,0,0,0,0,0,0,0,0,0,0,0,0,0,0,0,1,0
00000383_jpg.rf.9ec88ecab0cf642b5bb7ab4463f7e0f0.jpg,0,0,0,0,0,0,0,0,0,0,0,0,0,0,0,0,0,1,0,0,0,0
Ayrshire_81_jpg.rf.e3ac852e6f55ec2cc44b32b71b257540.jpg,0,0,1,0,0,0,0,0,0,0,0,0,0,0,0,0,0,0,0,0,0,0
Ayrshire_92_jpg.rf.a925cf372705fb5f8ea6cdb92aad37dd.jpg,0,0,1,0,0,0,0,0,0,0,0,0,0,0,0,0,0,0,0,0,0,0
Gir_96_jpg.rf.1252ea4df6d467579e668acccd118ce9.jpg,0,0,0,0,0,1,0,0,0,0,0,0,0,0,0,0,0,0,0,0,0,0
Ayrshire_53_jpg.rf.da4f74b930fdea663c65a3ccfd4c8fdd.jpg,0,0,1,0,0,0,0,0,0,0,0,0,0,0,0,0,0,0,0,0,0,0
Screenshot-301-_png.rf.03d0d4beee055b329ebe680949385d03.jpg,0,0,0,0,0,0,0,0,0,0,0,0,0,0,0,0,0,0,0,0,0,1
Amritmahal_89_jpg.rf.5c87759a69818cddd0b42a9d817ad39f.jpg,0,1,0,0,0,0,0,0,0,0,0,0,0,0,0,0,0,0,0,0,0,0
Holstein_Friesian_203_jpg.rf.bd8f204aac5811ede00ee91eb429e394.jpg,0,0,0,0,0,0,0,0,0,1,0,0,0,0,0,0,0,0,0,0,0,0
Gir_80_jpg.rf.4451bc24740768f32de72adfb8845fae.jpg,0,0,0,0,0,1,0,0,0,0,0,0,0,0,0,0,0,0,0,0,0,0
Krishna_Valley_84_jpg.rf.d31a6307cb785d30a73f0bbc2e8a39e1.jpg,0,0,0,0,0,0,0,0,0,0,0,0,0,1,0,0,0,0,0,0,0,0
Ayrshire_81_jpg.rf.80e7a5bbf8dd4ccb1e276aa046ff5bfb.jpg,0,0,1,0,0,0,0,0,0,0,0,0,0,0,0,0,0,0,0,0,0,0
Sahiwal_421_jpg.rf.66de42c9ae2b55867e61e714eb6a9c6c.jpg,0,0,0,0,0,0,0,0,0,0,0,0,0,0,0,0,0,0,0,1,0,0
Kankrej_92_jpg.rf.81878ef0f2c04b21497015e5ee2979d8.jpg,0,0,0,0,0,0,0,0,0,0,0,0,1,0,0,0,0,0,0,0,0,0
Alambadi_96_jpg.rf.8e5d6b9110abd9f7a02cb988bffc55c3.jpg,1,0,0,0,0,0,0,0,0,0,0,0,0,0,0,0,0,0,0,0,0,0
00000108_jpg.rf.2dc6322fd95f834091507f9b14612b64.jpg,0,0,0,0,0,0,0,0,0,0,0,0,0,0,1,0,0,0,0,0,0,0
00000094_jpg.rf.a7572bbf3cc6c8547e8df09e12bd1077.jpg,0,0,0,1,0,0,0,0,0,0,0,0,0,0,0,0,0,0,0,0,0,0
00000094_jpg.rf.2e300f5305f100663fcd883dae99a77f.jpg,0,0,0,1,0,0,0,0,0,0,0,0,0,0,0,0,0,0,0,0,0,0
Screenshot-1053-_png.rf.d07e38b4724a46c25c62f9bc0c042ce6.jpg,0,0,0,0,0,0,0,0,0,0,0,0,0,0,1,0,0,0,0,0,0,0
Screenshot-301-_png.rf.a18edec86c499de580efa9e0386590b6.jpg,0,0,0,0,0,0,0,0,0,0,0,0,0,0,0,0,0,0,0,0,0,1
Red_Sindhi_65_png.rf.6ae09839679d6d9dac0e250aa53dc356.jpg,0,0,0,0,0,0,0,0,0,0,0,0,0,0,0,0,0,0,1,0,0,0
00000390_jpg.rf.130eb28e1a38ece6cfd54da78fb463ae.jpg,0,0,0,0,0,0,0,0,0,0,0,0,0,0,0,0,0,0,0,0,0,1
Red_Sindhi_95_jpg.rf.ac5361ec6326aef9e2b3e27559bbd73a.jpg,0,0,0,0,0,0,0,0,0,0,0,0,0,0,0,0,0,0,1,0,0,0
Jersey_59_jpg.rf.4e6ba26e4dc85eca9769472c813226cb.jpg,0,0,0,0,0,0,0,0,0,0,1,0,0,0,0,0,0,0,0,0,0,0
Alambadi_9_png.rf.9e81ffb0231f4b7a223542dcf48a765e.jpg,1,0,0,0,0,0,0,0,0,0,0,0,0,0,0,0,0,0,0,0,0,0
Amritmahal_89_jpg.rf.a43e91f21dd51458876952dd1bcc52cc.jpg,0,1,0,0,0,0,0,0,0,0,0,0,0,0,0,0,0,0,0,0,0,0
Jersey_28_jpg.rf.ba76ad4d2160bffdacd1c6299ad85b22.jpg,0,0,0,0,0,0,0,0,0,0,1,0,0,0,0,0,0,0,0,0,0,0
Guernsey_92_jpg.rf.d316c656610619304502a938b1f96deb.jpg,0,0,0,0,0,0,1,0,0,0,0,0,0,0,0,0,0,0,0,0,0,0
Hariana_96_jpg.rf.f2d3247cf1ab216a523d716881aa9193.jpg,0,0,0,0,0,0,0,0,1,0,0,0,0,0,0,0,0,0,0,0,0,0
Kankrej_79_jpg.rf.f464797459e525f57e299345f37fb143.jpg,0,0,0,0,0,0,0,0,0,0,0,0,1,0,0,0,0,0,0,0,0,0
Guernsey_95_jpg.rf.66e47773ad138862094ac10a75cb4aeb.jpg,0,0,0,0,0,0,1,0,0,0,0,0,0,0,0,0,0,0,0,0,0,0
00000373_jpg.rf.6e17a29d4238d1ffd78bd9d946f33411.jpg,0,0,0,0,0,0,0,0,0,0,0,0,0,0,0,0,0,1,0,0,0,0
00000020_jpg.rf.0865863ab1461d5c4efa458d9168d481.jpg,0,0,0,0,0,0,0,0,0,0,0,0,0,0,1,0,0,0,0,0,0,0
Holstein_Friesian_95_jpg.rf.d92d1b8cb710d58548190c95e1609301.jpg,0,0,0,0,0,0,0,0,0,1,0,0,0,0,0,0,0,0,0,0,0,0
Ongole_16_jpg.rf.29c25eac745fa50035f4ed29754b3201.jpg,0,0,0,0,0,0,0,0,0,0,0,0,0,0,0,1,0,0,0,0,0,0
Brown_Swiss_78_jpg.rf.ac5cc96ec5d2086267a9d9cd1545c786.jpg,0,0,0,0,1,0,0,0,0,0,0,0,0,0,0,0,0,0,0,0,0,0
Holstein_Friesian_85_jpg.rf.b5d593e9f3b2670e124d7b1d002c921a.jpg,0,0,0,0,0,0,0,0,0,1,0,0,0,0,0,0,0,0,0,0,0,0
Kangayam_80_jpg.rf.f4c7ec965a254d0c66d8c059a55ede26.jpg,0,0,0,0,0,0,0,0,0,0,0,1,0,0,0,0,0,0,0,0,0,0
Brown_Swiss_31_jpg.rf.7bc39f9b1bc00ff5bd958bdf14b9386a.jpg,0,0,0,0,1,0,0,0,0,0,0,0,0,0,0,0,0,0,0,0,0,0
Kankrej_85_jpg.rf.48f04d3d324b3ba158e3f94d9408bad1.jpg,0,0,0,0,0,0,0,0,0,0,0,0,1,0,0,0,0,0,0,0,0,0
Gir_210_jpg.rf.8fbaeba2d5ae526fd5d3f8c5b80a6053.jpg,0,0,0,0,0,1,0,0,0,0,0,0,0,0,0,0,0,0,0,0,0,0
Hallikar_82_png.rf.c80f52ca9fbdcc8b202fd184cd80d7e3.jpg,0,0,0,0,0,0,0,1,0,0,0,0,0,0,0,0,0,0,0,0,0,0
00000053_JPG.rf.f4ef79b86bbd3fb6d3e0e5760a246d19.jpg,0,0,0,1,0,0,0,0,0,0,0,0,0,0,0,0,0,0,0,0,0,0
Screenshot-1052-_png.rf.2aa6a19b8f2a4c66a5e1263dc8f78d9e.jpg,0,0,0,0,0,0,0,0,0,0,0,0,0,0,1,0,0,0,0,0,0,0
Gir_284_jpg.rf.bc8c91072747c0ecd8767d4b3e010611.jpg,0,0,0,0,0,1,0,0,0,0,0,0,0,0,0,0,0,0,0,0,0,0
Screenshot-259-_png.rf.eca99425e300a7743e15ae57492126b1.jpg,0,0,0,0,0,0,0,0,0,0,0,0,0,0,0,0,0,0,0,0,0,1
Ongole_158_jpg.rf.c4a2d6f3545d51c9ccbb35b8f975a708.jpg,0,0,0,0,0,0,0,0,0,0,0,0,0,0,0,1,0,0,0,0,0,0
Pulikulam_94_jpg.rf.78ac3e0305a30459354f1a526df9517a.jpg,0,0,0,0,0,0,0,0,0,0,0,0,0,0,0,0,1,0,0,0,0,0
Krishna_Valley_39_jpg.rf.6b34d2c313b2f4ebda4e96fb0e50f724.jpg,0,0,0,0,0,0,0,0,0,0,0,0,0,1,0,0,0,0,0,0,0,0
Screenshot-302-_png.rf.2802d3be3411721a4ba1ecce78acb694.jpg,0,0,0,0,0,0,0,0,0,0,0,0,0,0,0,0,0,0,0,0,0,1
Sahiwal_62_jpg.rf.5e8a12d6d7bee668b0572263156063c9.jpg,0,0,0,0,0,0,0,0,0,0,0,0,0,0,0,0,0,0,0,1,0,0
Kangayam_92_jpg.rf.729dc4722c302031d602f2600eba3a31.jpg,0,0,0,0,0,0,0,0,0,0,0,1,0,0,0,0,0,0,0,0,0,0
Alambadi_9_png.rf.ff94c8b1f46038172821392fd6400d67.jpg,1,0,0,0,0,0,0,0,0,0,0,0,0,0,0,0,0,0,0,0,0,0
Brown_Swiss_71_jpg.rf.abd7aa7ce72aa045f2b8aa06323a096e.jpg,0,0,0,0,1,0,0,0,0,0,0,0,0,0,0,0,0,0,0,0,0,0
Pulikulam_70_jpg.rf.2654dab58d5c717965649985ac809cfd.jpg,0,0,0,0,0,0,0,0,0,0,0,0,0,0,0,0,1,0,0,0,0,0
Hallikar_82_png.rf.bb4374a92efb97852c625b397f6ca47a.jpg,0,0,0,0,0,0,0,1,0,0,0,0,0,0,0,0,0,0,0,0,0,0
Red_Sindhi_32_jpg.rf.b37df679683456608d10121470d5356f.jpg,0,0,0,0,0,0,0,0,0,0,0,0,0,0,0,0,0,0,1,0,0,0
Amritmahal_23_png.rf.21f6350296ea9fd48b1bf1f08a8af6a8.jpg,0,1,0,0,0,0,0,0,0,0,0,0,0,0,0,0,0,0,0,0,0,0
Ongole_183_jpg.rf.fa8e6e791b96b548e2058e3714489f4d.jpg,0,0,0,0,0,0,0,0,0,0,0,0,0,0,0,1,0,0,0,0,0,0
00000147_jpg.rf.990c4c3f8b6a316dd4da6930c2bf8a75.jpg,0,0,0,1,0,0,0,0,0,0,0,0,0,0,0,0,0,0,0,0,0,0
Alambadi_44_png.rf.f7432a0b7b109f088ee40786458da61d.jpg,1,0,0,0,0,0,0,0,0,0,0,0,0,0,0,0,0,0,0,0,0,0
Tharparkar_39_jpg.rf.f23a4a32bd153b1cda66530e8bd26836.jpg,0,0,0,0,0,0,0,0,0,0,0,0,0,0,0,0,0,0,0,0,1,0
Ayrshire_41_jpg.rf.c2a6d36a49f571d9caeadc47a80e6253.jpg,0,0,1,0,0,0,0,0,0,0,0,0,0,0,0,0,0,0,0,0,0,0
Pulikulam_1_JPG.rf.89f67cd4233151c52c3cc2025904e106.jpg,0,0,0,0,0,0,0,0,0,0,0,0,0,0,0,0,1,0,0,0,0,0
Amritmahal_89_jpg.rf.c4569b89845141286eef78bf58a252c4.jpg,0,1,0,0,0,0,0,0,0,0,0,0,0,0,0,0,0,0,0,0,0,0
Screenshot-1053-_png.rf.e212b5dae0058f8c5e9e007d1e884b67.jpg,0,0,0,0,0,0,0,0,0,0,0,0,0,0,1,0,0,0,0,0,0,0
Amritmahal_43_png.rf.fd49d8266d41d0c13f6c553d286c11c9.jpg,0,1,0,0,0,0,0,0,0,0,0,0,0,0,0,0,0,0,0,0,0,0
Gir_83_jpg.rf.56ffe149608485a9e193683400c1eab6.jpg,0,0,0,0,0,1,0,0,0,0,0,0,0,0,0,0,0,0,0,0,0,0
Screenshot-1052-_png.rf.da4756b38153c9d9e0012c382f341acb.jpg,0,0,0,0,0,0,0,0,0,0,0,0,0,0,1,0,0,0,0,0,0,0
Screenshot-287-_png.rf.17014f3041c06e1a297b82992275e432.jpg,0,0,0,0,0,0,0,0,0,0,0,0,0,0,0,0,0,0,0,0,0,1
Screenshot-1061-_png.rf.810ee97d1fc7e7ee1e4830ed8f189a71.jpg,0,0,0,0,0,0,0,0,0,0,0,0,0,0,1,0,0,0,0,0,0,0
Screenshot-301-_png.rf.dff58ac0a27f5059309a5dd6d90380d5.jpg,0,0,0,0,0,0,0,0,0,0,0,0,0,0,0,0,0,0,0,0,0,1
Screenshot-1053-_png.rf.d8c69f747a15e1806fc055158a75527b.jpg,0,0,0,0,0,0,0,0,0,0,0,0,0,0,1,0,0,0,0,0,0,0
Sahiwal_344_png.rf.489110ffbbbff75660ef40473e0eeeaa.jpg,0,0,0,0,0,0,0,0,0,0,0,0,0,0,0,0,0,0,0,1,0,0
Hallikar_82_png.rf.2cfc83262611558e3380828ebdf16f79.jpg,0,0,0,0,0,0,0,1,0,0,0,0,0,0,0,0,0,0,0,0,0,0
Kangayam_58_jpg.rf.ce948526c24a7945db4a523586e97b1e.jpg,0,0,0,0,0,0,0,0,0,0,0,1,0,0,0,0,0,0,0,0,0,0
Brown_Swiss_79_jpg.rf.ee10e221c48aa7faeaf94c6b3ab00bd0.jpg,0,0,0,0,1,0,0,0,0,0,0,0,0,0,0,0,0,0,0,0,0,0
Pulikulam_69_jpg.rf.8a297b1f7330142cbdecdfd0a20b3f2f.jpg,0,0,0,0,0,0,0,0,0,0,0,0,0,0,0,0,1,0,0,0,0,0
Red_Sindhi_6_JPG.rf.f3c2401b91bc4043e09708ff14b097dd.jpg,0,0,0,0,0,0,0,0,0,0,0,0,0,0,0,0,0,0,1,0,0,0
Kankrej_73_jpg.rf.3ef128ae3c02fc123f156cae63307fee.jpg,0,0,0,0,0,0,0,0,0,0,0,0,1,0,0,0,0,0,0,0,0,0
00000108_jpg.rf.dd824b7bf7bce766f13b47e01f767e72.jpg,0,0,0,0,0,0,0,0,0,0,0,0,0,0,1,0,0,0,0,0,0,0
Jersey_62_jpg.rf.78664ec5f18f0fdf3c9b55e9ee187c8e.jpg,0,0,0,0,0,0,0,0,0,0,1,0,0,0,0,0,0,0,0,0,0,0
Hariana_96_jpg.rf.93e6bb4f97d4f4798789444a6e955508.jpg,0,0,0,0,0,0,0,0,1,0,0,0,0,0,0,0,0,0,0,0,0,0
Screenshot-302-_png.rf.06992bd4f87c6a58f247d01cf7478aa5.jpg,0,0,0,0,0,0,0,0,0,0,0,0,0,0,0,0,0,0,0,0,0,1
Brown_Swiss_28_jpg.rf.ebae41ea3fcdbf275040c2157574546e.jpg,0,0,0,0,1,0,0,0,0,0,0,0,0,0,0,0,0,0,0,0,0,0
Tharparkar_39_jpg.rf.4927c89d25385636ffd7cbb55e66a89a.jpg,0,0,0,0,0,0,0,0,0,0,0,0,0,0,0,0,0,0,0,0,1,0
Alambadi_63_jpg.rf.90055cb4f28b039c26959875fca9ac25.jpg,1,0,0,0,0,0,0,0,0,0,0,0,0,0,0,0,0,0,0,0,0,0
Kankrej_5_jpg.rf.1645983c7d8c483f58ec3d394f58ae30.jpg,0,0,0,0,0,0,0,0,0,0,0,0,1,0,0,0,0,0,0,0,0,0
Jersey_3_jpg.rf.ae9b9454caed973a211a30662730cdf4.jpg,0,0,0,0,0,0,0,0,0,0,1,0,0,0,0,0,0,0,0,0,0,0
Screenshot-302-_png.rf.757a48b942ff6f7e76176a22d4c3a712.jpg,0,0,0,0,0,0,0,0,0,0,0,0,0,0,0,0,0,0,0,0,0,1
00000384_jpg.rf.91632036fb9fa5bf2b40e68ff0b94905.jpg,0,0,0,0,0,0,0,0,0,0,0,0,0,0,0,0,0,0,0,0,0,1
00000344_jpg.rf.88895d19394004792b165eb2e501f6b2.jpg,0,0,0,0,0,0,0,0,0,0,0,0,0,0,0,0,0,1,0,0,0,0
Pulikulam_1_JPG.rf.e659025510f588064dad3dc9c9b4df28.jpg,0,0,0,0,0,0,0,0,0,0,0,0,0,0,0,0,1,0,0,0,0,0
Hariana_45_jpg.rf.092cdfc4a6f76caa9b0024f593dadc15.jpg,0,0,0,0,0,0,0,0,1,0,0,0,0,0,0,0,0,0,0,0,0,0
Gir_297_jpg.rf.ec22c6e98e8ef5bb80d60b678b6ee9a6.jpg,0,0,0,0,0,1,0,0,0,0,0,0,0,0,0,0,0,0,0,0,0,0
00000386_jpg.rf.ba66b4d651a483b3ee3993ea7838f732.jpg,0,0,0,0,0,0,0,0,0,0,0,0,0,0,0,0,0,0,0,0,0,1
Hariana_58_jpg.rf.7e1b1f2833c85c86ac10b8a7d6ce0de0.jpg,0,0,0,0,0,0,0,0,1,0,0,0,0,0,0,0,0,0,0,0,0,0
Kangayam_1_JPG.rf.38aaa2ed23d2d76bf021fa1a4b713a5a.jpg,0,0,0,0,0,0,0,0,0,0,0,1,0,0,0,0,0,0,0,0,0,0
Kangayam_1_JPG.rf.0f27dd623aaf6385a08124a5f1249cb0.jpg,0,0,0,0,0,0,0,0,0,0,0,1,0,0,0,0,0,0,0,0,0,0
Hariana_58_jpg.rf.a458cfa03d030a79550cdaff120a45c6.jpg,0,0,0,0,0,0,0,0,1,0,0,0,0,0,0,0,0,0,0,0,0,0
Sahiwal_355_jpg.rf.f95c6870e2e8f013482f013438485600.jpg,0,0,0,0,0,0,0,0,0,0,0,0,0,0,0,0,0,0,0,1,0,0
Sahiwal_344_png.rf.71e1d3113ef8e5270d5e995410781bdc.jpg,0,0,0,0,0,0,0,0,0,0,0,0,0,0,0,0,0,0,0,1,0,0
Tharparkar_98_png.rf.befdce22104f0d1facb18d97e94dfc9a.jpg,0,0,0,0,0,0,0,0,0,0,0,0,0,0,0,0,0,0,0,0,1,0
Kangayam_1_JPG.rf.6f4b8a43579c46dae6952250f2a9ddc8.jpg,0,0,0,0,0,0,0,0,0,0,0,1,0,0,0,0,0,0,0,0,0,0
Sahiwal_320_jpg.rf.edacb45adda839fc5b211ef3a1227206.jpg,0,0,0,0,0,0,0,0,0,0,0,0,0,0,0,0,0,0,0,1,0,0
00000002_jpg.rf.4b30423ec4d1da506dcecdf094657f46.jpg,0,0,0,0,0,0,0,0,0,0,0,0,0,0,0,0,0,1,0,0,0,0
Screenshot-287-_png.rf.42b95d28354cc0f52921fdb7fd69cd9d.jpg,0,0,0,0,0,0,0,0,0,0,0,0,0,0,0,0,0,0,0,0,0,1
Ayrshire_206_jpg.rf.22691344bee06c246e1a5eca19f30f57.jpg,0,0,1,0,0,0,0,0,0,0,0,0,0,0,0,0,0,0,0,0,0,0
00000046_jpg.rf.cd9e6c45e1d315f7defe4ea4195c9738.jpg,0,0,0,0,0,0,0,0,0,0,0,0,0,0,1,0,0,0,0,0,0,0
Jersey_195_jpg.rf.32eab0ccabc66b5aa2de341034777afb.jpg,0,0,0,0,0,0,0,0,0,0,1,0,0,0,0,0,0,0,0,0,0,0
Pulikulam_118_jpg.rf.9a8c84231f925df153ec1448da9be685.jpg,0,0,0,0,0,0,0,0,0,0,0,0,0,0,0,0,1,0,0,0,0,0
Krishna_Valley_1_jpg.rf.c0e5c4af28ea9769d25878fa633ef866.jpg,0,0,0,0,0,0,0,0,0,0,0,0,0,1,0,0,0,0,0,0,0,0
Red_Sindhi_57_jpg.rf.e072e91214e7c4699837f7ed5ff24501.jpg,0,0,0,0,0,0,0,0,0,0,0,0,0,0,0,0,0,0,1,0,0,0
Hallikar_164_jpg.rf.804b686e3b96842971fc58a2c1a53f24.jpg,0,0,0,0,0,0,0,1,0,0,0,0,0,0,0,0,0,0,0,0,0,0
Pulikulam_1_JPG.rf.86446547043ac9c8b0a1ad4c7e179501.jpg,0,0,0,0,0,0,0,0,0,0,0,0,0,0,0,0,1,0,0,0,0,0
Amritmahal_28_png.rf.a7fe548e584bc97e7b1546c8ad3def5f.jpg,0,1,0,0,0,0,0,0,0,0,0,0,0,0,0,0,0,0,0,0,0,0
Holstein_Friesian_206_jpg.rf.6bd56c8c1d280e5d648313a84082aaf8.jpg,0,0,0,0,0,0,0,0,0,1,0,0,0,0,0,0,0,0,0,0,0,0
Gir_210_jpg.rf.fcd89528161c9f5e66f96679415f6661.jpg,0,0,0,0,0,1,0,0,0,0,0,0,0,0,0,0,0,0,0,0,0,0
Brown_Swiss_190_jpg.rf.3124e96c14d34160711fb35bd2b299ce.jpg,0,0,0,0,1,0,0,0,0,0,0,0,0,0,0,0,0,0,0,0,0,0
Tharparkar_192_jpg.rf.651792ed89097230dcbc2f79777c775e.jpg,0,0,0,0,0,0,0,0,0,0,0,0,0,0,0,0,0,0,0,0,1,0
Kankrej_165_jpg.rf.d3544ceddc4c08847d1198c858c951cf.jpg,0,0,0,0,0,0,0,0,0,0,0,0,1,0,0,0,0,0,0,0,0,0
Pulikulam_10_jpg.rf.ae0b6706236fc7878c62d6767ea01ba9.jpg,0,0,0,0,0,0,0,0,0,0,0,0,0,0,0,0,1,0,0,0,0,0
00000251_jpg.rf.68b56dabcdfa742f5033b4ac5aa1353e.jpg,0,0,0,0,0,0,0,0,0,0,0,0,0,0,0,0,0,0,0,0,0,1
Jersey_194_jpg.rf.ae686fd0d8b18a72c0bdff97d35d03ce.jpg,0,0,0,0,0,0,0,0,0,0,1,0,0,0,0,0,0,0,0,0,0,0
Ongole_125_jpg.rf.d90d76257aa6d77302764d5369947fc2.jpg,0,0,0,0,0,0,0,0,0,0,0,0,0,0,0,1,0,0,0,0,0,0
Ongole_122_png.rf.623f5063764db5aeb0b5e59f2afe2526.jpg,0,0,0,0,0,0,0,0,0,0,0,0,0,0,0,1,0,0,0,0,0,0
00000006_jpg.rf.f24137b58cdd05ae192d563bbe851e66.jpg,0,0,0,1,0,0,0,0,0,0,0,0,0,0,0,0,0,0,0,0,0,0
Hariana_29_jpg.rf.52592b07bedcbc417df552315b36d7a2.jpg,0,0,0,0,0,0,0,0,1,0,0,0,0,0,0,0,0,0,0,0,0,0
00000020_jpg.rf.c87e5a2bdded17299f26ff3fee59e053.jpg,0,0,0,0,0,0,0,0,0,0,0,0,0,0,1,0,0,0,0,0,0,0
Holstein_Friesian_270_jpg.rf.4440d29e3df55ddc9624a284b2227da4.jpg,0,0,0,0,0,0,0,0,0,1,0,0,0,0,0,0,0,0,0,0,0,0
Holstein_Friesian_299_jpg.rf.5cac1dadba88873b456bc04201e1e5eb.jpg,0,0,0,0,0,0,0,0,0,1,0,0,0,0,0,0,0,0,0,0,0,0
Gir_215_jpg.rf.64e7ced5f1c8dbdbd74adceed4866027.jpg,0,0,0,0,0,1,0,0,0,0,0,0,0,0,0,0,0,0,0,0,0,0
00000200_jpg.rf.68ce483797dbf0b14856b0808be5514c.jpg,0,0,0,0,0,0,0,0,0,0,0,0,0,0,0,0,0,1,0,0,0,0
00000053_JPG.rf.41f4485a54e57fc2eb8e187d56bd1edc.jpg,0,0,0,1,0,0,0,0,0,0,0,0,0,0,0,0,0,0,0,0,0,0
Amritmahal_23_png.rf.ac0685d9c8d6966b76b2e5e77bb6a8a7.jpg,0,1,0,0,0,0,0,0,0,0,0,0,0,0,0,0,0,0,0,0,0,0
00000003_jpg.rf.1b7cd0dc84bd12c75985f592aad5d001.jpg,0,0,0,1,0,0,0,0,0,0,0,0,0,0,0,0,0,0,0,0,0,0
00000046_jpg.rf.59971348c12b51741f88b596d4fea16e.jpg,0,0,0,0,0,0,0,0,0,0,0,0,0,0,0,0,0,0,0,0,0,1
Krishna_Valley_129_jpg.rf.e79650c403610a630bcb1a948f89b091.jpg,0,0,0,0,0,0,0,0,0,0,0,0,0,1,0,0,0,0,0,0,0,0
Hariana_121_jpg.rf.7df77b4c1e2c162261c1a79ff9c5cf88.jpg,0,0,0,0,0,0,0,0,1,0,0,0,0,0,0,0,0,0,0,0,0,0
Sahiwal_321_jpg.rf.edec34914b574a177364b18bc0ed3a58.jpg,0,0,0,0,0,0,0,0,0,0,0,0,0,0,0,0,0,0,0,1,0,0
Alambadi_44_png.rf.cc220709aaaf769a4fb3889d94677c6b.jpg,1,0,0,0,0,0,0,0,0,0,0,0,0,0,0,0,0,0,0,0,0,0
Red_Sindhi_56_jpg.rf.c7ea4682c061e160038689dfffc3f7c9.jpg,0,0,0,0,0,0,0,0,0,0,0,0,0,0,0,0,0,0,1,0,0,0
